flock_year,file_name,bird_label,latitude,longitude
/Users/story/Documents/Birdz/cut_songs/LAME_2022,S_WEY_B1076_48018.wav,6,37.71244699,-122.488436
/Users/story/Documents/Birdz/cut_songs/LAME_2022,S_WEY_B1076_49262.wav,6,37.71244699,-122.488436
/Users/story/Documents/Birdz/cut_songs/LAME_2022,S_WEY_B1076_09747.wav,6,37.71244699,-122.488436
/Users/story/Documents/Birdz/cut_songs/LAME_2022,S_WEY_B1076_04134.wav,6,37.71244699,-122.488436
/Users/story/Documents/Birdz/cut_songs/LAME_2022,S_WEY_B1076_01820.wav,6,37.71244699,-122.488436
/Users/story/Documents/Birdz/cut_songs/LAME_2022,S_WEY_B1076_43624.wav,6,37.71244699,-122.488436
/Users/story/Documents/Birdz/cut_songs/LAME_2022,ES_BR_B1073_03932.wav,6,37.71252201,-122.489418
/Users/story/Documents/Birdz/cut_songs/LAME_2022,ES_BR_B1073_21359.wav,6,37.71252201,-122.489418
/Users/story/Documents/Birdz/cut_songs/LAME_2022,ES_BR_B1073_07438.wav,6,37.71252201,-122.489418
/Users/story/Documents/Birdz/cut_songs/LAME_2022,ES_BR_B1073_17616.wav,6,37.71252201,-122.489418
/Users/story/Documents/Birdz/cut_songs/LAME_2022,ES_BR_B1073_00596.wav,6,37.71252201,-122.489418
/Users/story/Documents/Birdz/cut_songs/LAME_2022,ES_BR_B1073_10547.wav,6,37.71252201,-122.489418
/Users/story/Documents/Birdz/cut_songs/LAME_2022,ES_BR_B1073_19262.wav,6,37.71252201,-122.489418
/Users/story/Documents/Birdz/cut_songs/LAME_2022,ES_BR_B1073_13820.wav,6,37.71252201,-122.489418
/Users/story/Documents/Birdz/cut_songs/LAME_2022,ES_BR_B1073_22217.wav,6,37.71252201,-122.489418
/Users/story/Documents/Birdz/cut_songs/LAME_2022,ES_BR_B1073_20605.wav,6,37.71252201,-122.489418
/Users/story/Documents/Birdz/cut_songs/LAME_2022,ES_BR_B1073_18503.wav,6,37.71252201,-122.489418
/Users/story/Documents/Birdz/cut_songs/LAME_2022,WRK_S_B1079_05368.wav,6,37.71275402,-122.48657
/Users/story/Documents/Birdz/cut_songs/LAME_2022,WRK_S_B1079_13655.wav,6,37.71275402,-122.48657
/Users/story/Documents/Birdz/cut_songs/LAME_2022,WRK_S_B1079_14884.wav,6,37.71275402,-122.48657
/Users/story/Documents/Birdz/cut_songs/LAME_2022,WRK_S_B1079_04310.wav,6,37.71275402,-122.48657
/Users/story/Documents/Birdz/cut_songs/LAME_2022,WRK_S_B1079_15989.wav,6,37.71275402,-122.48657
/Users/story/Documents/Birdz/cut_songs/LAME_2022,WRK_S_B1079_02249.wav,6,37.71275402,-122.48657
/Users/story/Documents/Birdz/cut_songs/LAME_2022,WRK_S_B1079_07526.wav,6,37.71275402,-122.48657
/Users/story/Documents/Birdz/cut_songs/LAME_2022,WRK_S_B1079_09938.wav,6,37.71275402,-122.48657
/Users/story/Documents/Birdz/cut_songs/LAME_2022,WRK_S_B1079_08791.wav,6,37.71275402,-122.48657
/Users/story/Documents/Birdz/cut_songs/LAME_2022,WRK_S_B1079_12483.wav,6,37.71275402,-122.48657
/Users/story/Documents/Birdz/cut_songs/LAME_2022,WRK_S_B1079_00095.wav,6,37.71275402,-122.48657
/Users/story/Documents/Birdz/cut_songs/LAME_2022,WRK_S_B1079_06431.wav,6,37.71275402,-122.48657
/Users/story/Documents/Birdz/cut_songs/FOFU_2022,WS_EWt_B1065_02486.wav,4,37.71292501,-122.499431
/Users/story/Documents/Birdz/cut_songs/FOFU_2022,WS_EWt_B1065_01763.wav,4,37.71292501,-122.499431
/Users/story/Documents/Birdz/cut_songs/FOFU_2022,WS_EWt_B1065_32863.wav,4,37.71292501,-122.499431
/Users/story/Documents/Birdz/cut_songs/FOFU_2022,WS_EWt_B1065_00989.wav,4,37.71292501,-122.499431
/Users/story/Documents/Birdz/cut_songs/FOFU_2022,WS_EWt_B1065_03313.wav,4,37.71292501,-122.499431
/Users/story/Documents/Birdz/cut_songs/FOFU_2022,WS_EWt_B1065_31278.wav,4,37.71292501,-122.499431
/Users/story/Documents/Birdz/cut_songs/FOFU_2022,FOFU_A_22_B1064_22330.wav,4,37.71306298,-122.501157
/Users/story/Documents/Birdz/cut_songs/FOFU_2022,FOFU_A_22_B1064_23038.wav,4,37.71306298,-122.501157
/Users/story/Documents/Birdz/cut_songs/FOFU_2022,FOFU_A_22_B1064_24044.wav,4,37.71306298,-122.501157
/Users/story/Documents/Birdz/cut_songs/FOFU_2022,FOFU_A_22_B1064_27969.wav,4,37.71306298,-122.501157
/Users/story/Documents/Birdz/cut_songs/FOFU_2022,FOFU_A_22_B1064_26269.wav,4,37.71306298,-122.501157
/Users/story/Documents/Birdz/cut_songs/FOFU_2022,FOFU_A_22_B1064_20987.wav,4,37.71306298,-122.501157
/Users/story/Documents/Birdz/cut_songs/FOFU_2022,FOFU_A_22_B1064_25453.wav,4,37.71306298,-122.501157
/Users/story/Documents/Birdz/cut_songs/FOFU_2022,FOFU_A_22_B1064_24761.wav,4,37.71306298,-122.501157
/Users/story/Documents/Birdz/cut_songs/FOFU_2022,FOFU_A_22_B1064_21592.wav,4,37.71306298,-122.501157
/Users/story/Documents/Birdz/cut_songs/FOFU_2022,FOFU_A_22_B1064_27256.wav,4,37.71306298,-122.501157
/Users/story/Documents/Birdz/cut_songs/LAME_2022,BW_ES_B1082_13061.wav,6,37.71340102,-122.48617
/Users/story/Documents/Birdz/cut_songs/LAME_2022,BW_ES_B1082_18901.wav,6,37.71340102,-122.48617
/Users/story/Documents/Birdz/cut_songs/LAME_2022,BW_ES_B1082_22093.wav,6,37.71340102,-122.48617
/Users/story/Documents/Birdz/cut_songs/LAME_2022,BW_ES_B1082_17466.wav,6,37.71340102,-122.48617
/Users/story/Documents/Birdz/cut_songs/LAME_2022,BW_ES_B1082_25588.wav,6,37.71340102,-122.48617
/Users/story/Documents/Birdz/cut_songs/LAME_2022,BW_ES_B1082_03003.wav,6,37.71340102,-122.48617
/Users/story/Documents/Birdz/cut_songs/LAME_2022,BW_ES_B1082_10733.wav,6,37.71340102,-122.48617
/Users/story/Documents/Birdz/cut_songs/LAME_2022,BW_ES_B1082_09535.wav,6,37.71340102,-122.48617
/Users/story/Documents/Birdz/cut_songs/LAME_2022,BW_ES_B1082_00922.wav,6,37.71340102,-122.48617
/Users/story/Documents/Birdz/cut_songs/LAME_2022,BW_ES_B1082_21080.wav,6,37.71340102,-122.48617
/Users/story/Documents/Birdz/cut_songs/LAME_2022,BW_ES_B1082_04604.wav,6,37.71340102,-122.48617
/Users/story/Documents/Birdz/cut_songs/LAME_2022,BW_ES_B1082_00338.wav,6,37.71340102,-122.48617
/Users/story/Documents/Birdz/cut_songs/LAME_2022,BW_ES_B1082_23182.wav,6,37.71340102,-122.48617
/Users/story/Documents/Birdz/cut_songs/LAME_2022,BW_ES_B1082_08869.wav,6,37.71340102,-122.48617
/Users/story/Documents/Birdz/cut_songs/LAME_2022,BW_ES_B1082_05368.wav,6,37.71340102,-122.48617
/Users/story/Documents/Birdz/cut_songs/LAME_2022,BW_ES_B1082_02228.wav,6,37.71340102,-122.48617
/Users/story/Documents/Birdz/cut_songs/FOFU_2022,S_KRY_B1068_36653.wav,4,37.71346699,-122.500155
/Users/story/Documents/Birdz/cut_songs/FOFU_2022,S_KRY_B1068_08972.wav,4,37.71346699,-122.500155
/Users/story/Documents/Birdz/cut_songs/FOFU_2022,S_KRY_B1068_37464.wav,4,37.71346699,-122.500155
/Users/story/Documents/Birdz/cut_songs/FOFU_2022,S_KRY_B1068_16263.wav,4,37.71346699,-122.500155
/Users/story/Documents/Birdz/cut_songs/FOFU_2022,S_KRY_B1068_10996.wav,4,37.71346699,-122.500155
/Users/story/Documents/Birdz/cut_songs/FOFU_2022,S_KRY_B1068_38765.wav,4,37.71346699,-122.500155
/Users/story/Documents/Birdz/cut_songs/FOFU_2022,S_KRY_B1068_11859.wav,4,37.71346699,-122.500155
/Users/story/Documents/Birdz/cut_songs/FOFU_2022,S_KRY_B1068_29966.wav,4,37.71346699,-122.500155
/Users/story/Documents/Birdz/cut_songs/FOFU_2022,S_KRY_B1068_08239.wav,4,37.71346699,-122.500155
/Users/story/Documents/Birdz/cut_songs/FOFU_2022,KS_RR_B1070_09240.wav,4,37.71861196,-122.500677
/Users/story/Documents/Birdz/cut_songs/FOFU_2022,KS_RR_B1070_13526.wav,4,37.71861196,-122.500677
/Users/story/Documents/Birdz/cut_songs/FOFU_2022,KS_RR_B1070_06467.wav,4,37.71861196,-122.500677
/Users/story/Documents/Birdz/cut_songs/FOFU_2022,KS_RR_B1070_19025.wav,4,37.71861196,-122.500677
/Users/story/Documents/Birdz/cut_songs/FOFU_2022,KS_RR_B1070_15638.wav,4,37.71861196,-122.500677
/Users/story/Documents/Birdz/cut_songs/FOFU_2022,KS_RR_B1070_02378.wav,4,37.71861196,-122.500677
/Users/story/Documents/Birdz/cut_songs/FOFU_2022,KS_RR_B1070_17771.wav,4,37.71861196,-122.500677
/Users/story/Documents/Birdz/cut_songs/FOFU_2022,KS_RR_B1070_16718.wav,4,37.71861196,-122.500677
/Users/story/Documents/Birdz/cut_songs/FOFU_2022,KS_RR_B1070_23776.wav,4,37.71861196,-122.500677
/Users/story/Documents/Birdz/cut_songs/FOFU_2022,KS_RR_B1070_10330.wav,4,37.71861196,-122.500677
/Users/story/Documents/Birdz/cut_songs/FOFU_2022,KS_RR_B1070_11415.wav,4,37.71861196,-122.500677
/Users/story/Documents/Birdz/cut_songs/FOFU_2022,KS_RR_B1070_01366.wav,4,37.71861196,-122.500677
/Users/story/Documents/Birdz/cut_songs/FOFU_2022,KS_RR_B1070_12508.wav,4,37.71861196,-122.500677
/Users/story/Documents/Birdz/cut_songs/FOFU_2022,S_EEO_B1072_13614.wav,4,37.71894498,-122.501327
/Users/story/Documents/Birdz/cut_songs/FOFU_2022,S_EEO_B1072_01371.wav,4,37.71894498,-122.501327
/Users/story/Documents/Birdz/cut_songs/FOFU_2022,S_EEO_B1072_11935.wav,4,37.71894498,-122.501327
/Users/story/Documents/Birdz/cut_songs/FOFU_2022,S_EEO_B1072_08120.wav,4,37.71894498,-122.501327
/Users/story/Documents/Birdz/cut_songs/FOFU_2022,S_EEO_B1072_16862.wav,4,37.71894498,-122.501327
/Users/story/Documents/Birdz/cut_songs/FOFU_2022,S_EEO_B1072_08910.wav,4,37.71894498,-122.501327
/Users/story/Documents/Birdz/cut_songs/FOFU_2022,S_EEO_B1072_09783.wav,4,37.71894498,-122.501327
/Users/story/Documents/Birdz/cut_songs/FOFU_2022,S_EEO_B1072_10702.wav,4,37.71894498,-122.501327
/Users/story/Documents/Birdz/cut_songs/FOFU_2022,S_EEO_B1072_14559.wav,4,37.71894498,-122.501327
/Users/story/Documents/Birdz/cut_songs/LODU_2022,S_WMY_B1059_17534.wav,7,37.78709304,-122.474665
/Users/story/Documents/Birdz/cut_songs/LODU_2022,S_WMY_B1059_13975.wav,7,37.78709304,-122.474665
/Users/story/Documents/Birdz/cut_songs/LODU_2022,S_WMY_B1059_30364.wav,7,37.78709304,-122.474665
/Users/story/Documents/Birdz/cut_songs/LODU_2022,S_WMY_B1059_19872.wav,7,37.78709304,-122.474665
/Users/story/Documents/Birdz/cut_songs/LODU_2022,S_WMY_B1059_09437.wav,7,37.78709304,-122.474665
/Users/story/Documents/Birdz/cut_songs/LODU_2022,S_WMY_B1059_11874.wav,7,37.78709304,-122.474665
/Users/story/Documents/Birdz/cut_songs/LODU_2022,S_WMY_B1059_28578.wav,7,37.78709304,-122.474665
/Users/story/Documents/Birdz/cut_songs/LODU_2022,S_WMY_B1059_24746.wav,7,37.78709304,-122.474665
/Users/story/Documents/Birdz/cut_songs/LODU_2022,S_WMY_B1059_35921.wav,7,37.78709304,-122.474665
/Users/story/Documents/Birdz/cut_songs/LODU_2022,S_WMY_B1059_26801.wav,7,37.78709304,-122.474665
/Users/story/Documents/Birdz/cut_songs/LODU_2022,S_WMY_B1059_32027.wav,7,37.78709304,-122.474665
/Users/story/Documents/Birdz/cut_songs/LODU_2022,S_WMY_B1059_16031.wav,7,37.78709304,-122.474665
/Users/story/Documents/Birdz/cut_songs/LODU_2022,S_WMY_B1059_34294.wav,7,37.78709304,-122.474665
/Users/story/Documents/Birdz/cut_songs/LODU_2022,S_MKR_B1063_18240.wav,7,37.78747802,-122.473306
/Users/story/Documents/Birdz/cut_songs/LODU_2022,S_MKR_B1063_28387.wav,7,37.78747802,-122.473306
/Users/story/Documents/Birdz/cut_songs/LODU_2022,S_MKR_B1063_21163.wav,7,37.78747802,-122.473306
/Users/story/Documents/Birdz/cut_songs/LODU_2022,S_MKR_B1063_25820.wav,7,37.78747802,-122.473306
/Users/story/Documents/Birdz/cut_songs/LODU_2022,S_MKR_B1063_26450.wav,7,37.78747802,-122.473306
/Users/story/Documents/Birdz/cut_songs/LODU_2022,S_MKR_B1063_25159.wav,7,37.78747802,-122.473306
/Users/story/Documents/Birdz/cut_songs/LODU_2022,S_MKR_B1063_16433.wav,7,37.78747802,-122.473306
/Users/story/Documents/Birdz/cut_songs/LODU_2022,S_MKR_B1063_20590.wav,7,37.78747802,-122.473306
/Users/story/Documents/Birdz/cut_songs/LODU_2022,S_MKR_B1063_21881.wav,7,37.78747802,-122.473306
/Users/story/Documents/Birdz/cut_songs/LODU_2022,S_MKR_B1063_27741.wav,7,37.78747802,-122.473306
/Users/story/Documents/Birdz/cut_songs/LODU_2022,S_MKR_B1063_16945.wav,7,37.78747802,-122.473306
/Users/story/Documents/Birdz/cut_songs/LODU_2022,S_MKR_B1063_19939.wav,7,37.78747802,-122.473306
/Users/story/Documents/Birdz/cut_songs/LODU_2022,S_MKR_B1063_17652.wav,7,37.78747802,-122.473306
/Users/story/Documents/Birdz/cut_songs/LODU_2022,S_MKR_B1063_24565.wav,7,37.78747802,-122.473306
/Users/story/Documents/Birdz/cut_songs/LODU_2022,S_MKR_B1063_19340.wav,7,37.78747802,-122.473306
/Users/story/Documents/Birdz/cut_songs/LODU_2022,S_MKR_B1063_27091.wav,7,37.78747802,-122.473306
/Users/story/Documents/Birdz/cut_songs/LODU_2022,S_MKR_B1063_22728.wav,7,37.78747802,-122.473306
/Users/story/Documents/Birdz/cut_songs/LODU_2022,S_MKR_B1063_29657.wav,7,37.78747802,-122.473306
/Users/story/Documents/Birdz/cut_songs/LODU_2022,OS_tM_B1049_24018.wav,7,37.78769201,-122.478754
/Users/story/Documents/Birdz/cut_songs/LODU_2022,OS_tM_B1049_29663.wav,7,37.78769201,-122.478754
/Users/story/Documents/Birdz/cut_songs/LODU_2022,OS_tM_B1049_35885.wav,7,37.78769201,-122.478754
/Users/story/Documents/Birdz/cut_songs/LODU_2022,OS_tM_B1049_40996.wav,7,37.78769201,-122.478754
/Users/story/Documents/Birdz/cut_songs/LODU_2022,OS_tM_B1049_51938.wav,7,37.78769201,-122.478754
/Users/story/Documents/Birdz/cut_songs/LODU_2022,OS_tM_B1049_55206.wav,7,37.78769201,-122.478754
/Users/story/Documents/Birdz/cut_songs/LODU_2022,OS_tM_B1049_23146.wav,7,37.78769201,-122.478754
/Users/story/Documents/Birdz/cut_songs/LODU_2022,OS_tM_B1049_38776.wav,7,37.78769201,-122.478754
/Users/story/Documents/Birdz/cut_songs/LODU_2022,OS_tM_B1049_34077.wav,7,37.78769201,-122.478754
/Users/story/Documents/Birdz/cut_songs/LODU_2022,OS_tM_B1049_53198.wav,7,37.78769201,-122.478754
/Users/story/Documents/Birdz/cut_songs/LODU_2022,OS_tM_B1049_36932.wav,7,37.78769201,-122.478754
/Users/story/Documents/Birdz/cut_songs/LODU_2022,OS_tM_B1049_31479.wav,7,37.78769201,-122.478754
/Users/story/Documents/Birdz/cut_songs/LODU_2022,S_OEW_B1034_31722.wav,7,37.787835,-122.481752
/Users/story/Documents/Birdz/cut_songs/LODU_2022,S_OEW_B1034_100965.wav,7,37.787835,-122.481752
/Users/story/Documents/Birdz/cut_songs/LODU_2022,S_OEW_B1034_100263.wav,7,37.787835,-122.481752
/Users/story/Documents/Birdz/cut_songs/LODU_2022,S_OEW_B1034_32657.wav,7,37.787835,-122.481752
/Users/story/Documents/Birdz/cut_songs/LODU_2022,S_OEW_B1034_99628.wav,7,37.787835,-122.481752
/Users/story/Documents/Birdz/cut_songs/LODU_2022,S_OEW_B1034_95947.wav,7,37.787835,-122.481752
/Users/story/Documents/Birdz/cut_songs/LODU_2022,S_OEW_B1034_101812.wav,7,37.787835,-122.481752
/Users/story/Documents/Birdz/cut_songs/LODU_2022,S_OEW_B1034_99049.wav,7,37.787835,-122.481752
/Users/story/Documents/Birdz/cut_songs/LODU_2022,LODU_A_22_B1037_05265.wav,7,37.78783601,-122.478535
/Users/story/Documents/Birdz/cut_songs/LODU_2022,LODU_A_22_B1036_00746.wav,7,37.78783601,-122.478535
/Users/story/Documents/Birdz/cut_songs/LODU_2022,LODU_A_22_B1036_49608.wav,7,37.78783601,-122.478535
/Users/story/Documents/Birdz/cut_songs/LODU_2022,LODU_A_22_B1037_03401.wav,7,37.78783601,-122.478535
/Users/story/Documents/Birdz/cut_songs/LODU_2022,LODU_A_22_B1036_34619.wav,7,37.78783601,-122.478535
/Users/story/Documents/Birdz/cut_songs/LODU_2022,LODU_A_22_B1036_35539.wav,7,37.78783601,-122.478535
/Users/story/Documents/Birdz/cut_songs/LODU_2022,LODU_A_22_B1036_13412.wav,7,37.78783601,-122.478535
/Users/story/Documents/Birdz/cut_songs/LODU_2022,LODU_A_22_B1037_16124.wav,7,37.78783601,-122.478535
/Users/story/Documents/Birdz/cut_songs/LODU_2022,LODU_A_22_B1037_10976.wav,7,37.78783601,-122.478535
/Users/story/Documents/Birdz/cut_songs/LODU_2022,LODU_A_22_B1036_16619.wav,7,37.78783601,-122.478535
/Users/story/Documents/Birdz/cut_songs/LODU_2022,LODU_A_22_B1037_11921.wav,7,37.78783601,-122.478535
/Users/story/Documents/Birdz/cut_songs/LODU_2022,LODU_A_22_B1037_02373.wav,7,37.78783601,-122.478535
/Users/story/Documents/Birdz/cut_songs/LODU_2022,LODU_A_22_B1036_11033.wav,7,37.78783601,-122.478535
/Users/story/Documents/Birdz/cut_songs/LODU_2022,LODU_A_22_B1036_12328.wav,7,37.78783601,-122.478535
/Users/story/Documents/Birdz/cut_songs/LODU_2022,LODU_A_22_B1036_14404.wav,7,37.78783601,-122.478535
/Users/story/Documents/Birdz/cut_songs/LODU_2022,LODU_A_22_B1036_07521.wav,7,37.78783601,-122.478535
/Users/story/Documents/Birdz/cut_songs/LODU_2022,LODU_A_22_B1037_20089.wav,7,37.78783601,-122.478535
/Users/story/Documents/Birdz/cut_songs/LODU_2022,LODU_A_22_B1037_04289.wav,7,37.78783601,-122.478535
/Users/story/Documents/Birdz/cut_songs/LODU_2022,LODU_A_22_B1036_43273.wav,7,37.78783601,-122.478535
/Users/story/Documents/Birdz/cut_songs/LODU_2022,LODU_A_22_B1036_08703.wav,7,37.78783601,-122.478535
/Users/story/Documents/Birdz/cut_songs/LODU_2022,LODU_A_22_B1037_08006.wav,7,37.78783601,-122.478535
/Users/story/Documents/Birdz/cut_songs/LODU_2022,LODU_A_22_B1037_10103.wav,7,37.78783601,-122.478535
/Users/story/Documents/Birdz/cut_songs/LODU_2022,BS_OO_B1041_10211.wav,7,37.78788303,-122.478827
/Users/story/Documents/Birdz/cut_songs/LODU_2022,BS_OO_B1041_07800.wav,7,37.78788303,-122.478827
/Users/story/Documents/Birdz/cut_songs/LODU_2022,BS_OO_B1041_00772.wav,7,37.78788303,-122.478827
/Users/story/Documents/Birdz/cut_songs/LODU_2022,BS_OO_B1041_12173.wav,7,37.78788303,-122.478827
/Users/story/Documents/Birdz/cut_songs/LODU_2022,BS_OO_B1041_08548.wav,7,37.78788303,-122.478827
/Users/story/Documents/Birdz/cut_songs/LODU_2022,BS_OO_B1041_03555.wav,7,37.78788303,-122.478827
/Users/story/Documents/Birdz/cut_songs/LODU_2022,BS_OO_B1041_11162.wav,7,37.78788303,-122.478827
/Users/story/Documents/Birdz/cut_songs/LODU_2022,BS_OO_B1041_09302.wav,7,37.78788303,-122.478827
/Users/story/Documents/Birdz/cut_songs/LODU_2022,BS_OO_B1041_07164.wav,7,37.78788303,-122.478827
/Users/story/Documents/Birdz/cut_songs/LODU_2022,BS_OO_B1041_02022.wav,7,37.78788303,-122.478827
/Users/story/Documents/Birdz/cut_songs/LODU_2022,LODU_C_22_B1042_03178.wav,7,37.78792804,-122.478818
/Users/story/Documents/Birdz/cut_songs/LODU_2022,LODU_C_22_B1042_04217.wav,7,37.78792804,-122.478818
/Users/story/Documents/Birdz/cut_songs/LODU_2022,LODU_C_22_B1042_01443.wav,7,37.78792804,-122.478818
/Users/story/Documents/Birdz/cut_songs/LODU_2022,LODU_C_22_B1042_02362.wav,7,37.78792804,-122.478818
/Users/story/Documents/Birdz/cut_songs/LODU_2022,S_YWB_B1033_64929.wav,7,37.78803499,-122.482441
/Users/story/Documents/Birdz/cut_songs/LODU_2022,S_YWB_B1033_19681.wav,7,37.78803499,-122.482441
/Users/story/Documents/Birdz/cut_songs/LODU_2022,S_YWB_B1033_28206.wav,7,37.78803499,-122.482441
/Users/story/Documents/Birdz/cut_songs/LODU_2022,S_YWB_B1033_29084.wav,7,37.78803499,-122.482441
/Users/story/Documents/Birdz/cut_songs/LODU_2022,S_YWB_B1033_04056.wav,7,37.78803499,-122.482441
/Users/story/Documents/Birdz/cut_songs/LODU_2022,OS_EW_B1051_27153.wav,7,37.78803902,-122.479203
/Users/story/Documents/Birdz/cut_songs/LODU_2022,OS_EW_B1051_21524.wav,7,37.78803902,-122.479203
/Users/story/Documents/Birdz/cut_songs/LODU_2022,OS_EW_B1051_20151.wav,7,37.78803902,-122.479203
/Users/story/Documents/Birdz/cut_songs/LODU_2022,OS_EW_B1051_20801.wav,7,37.78803902,-122.479203
/Users/story/Documents/Birdz/cut_songs/LODU_2022,BS_BK_B1058_33478.wav,7,37.78844596,-122.481944
/Users/story/Documents/Birdz/cut_songs/LODU_2022,BS_BK_B1058_41952.wav,7,37.78844596,-122.481944
/Users/story/Documents/Birdz/cut_songs/LODU_2022,BS_BK_B1058_34661.wav,7,37.78844596,-122.481944
/Users/story/Documents/Birdz/cut_songs/LODU_2022,BS_BK_B1058_28681.wav,7,37.78844596,-122.481944
/Users/story/Documents/Birdz/cut_songs/LODU_2022,BS_BK_B1058_37985.wav,7,37.78844596,-122.481944
/Users/story/Documents/Birdz/cut_songs/LODU_2022,BS_BK_B1058_40671.wav,7,37.78844596,-122.481944
/Users/story/Documents/Birdz/cut_songs/LODU_2022,BS_BK_B1058_30157.wav,7,37.78844596,-122.481944
/Users/story/Documents/Birdz/cut_songs/LODU_2022,BS_BK_B1058_39602.wav,7,37.78844596,-122.481944
/Users/story/Documents/Birdz/cut_songs/LODU_2022,BS_BK_B1058_31402.wav,7,37.78844596,-122.481944
/Users/story/Documents/Birdz/cut_songs/LODU_2022,BS_BK_B1058_36813.wav,7,37.78844596,-122.481944
/Users/story/Documents/Birdz/cut_songs/LODU_2022,BS_BK_B1058_32445.wav,7,37.78844596,-122.481944
/Users/story/Documents/Birdz/cut_songs/LODU_2022,LODU_D_22_B1054_22862.wav,7,37.78875902,-122.479082
/Users/story/Documents/Birdz/cut_songs/LODU_2022,LODU_D_22_B1054_26347.wav,7,37.78875902,-122.479082
/Users/story/Documents/Birdz/cut_songs/LODU_2022,LODU_D_22_B1054_16733.wav,7,37.78875902,-122.479082
/Users/story/Documents/Birdz/cut_songs/LODU_2022,LODU_D_22_B1054_21994.wav,7,37.78875902,-122.479082
/Users/story/Documents/Birdz/cut_songs/LODU_2022,LODU_D_22_B1054_18178.wav,7,37.78875902,-122.479082
/Users/story/Documents/Birdz/cut_songs/LODU_2022,LODU_D_22_B1054_20574.wav,7,37.78875902,-122.479082
/Users/story/Documents/Birdz/cut_songs/LODU_2022,LODU_D_22_B1054_19123.wav,7,37.78875902,-122.479082
/Users/story/Documents/Birdz/cut_songs/LODU_2022,LODU_D_22_B1054_21240.wav,7,37.78875902,-122.479082
/Users/story/Documents/Birdz/cut_songs/LODU_2022,LODU_D_22_B1054_25541.wav,7,37.78875902,-122.479082
/Users/story/Documents/Birdz/cut_songs/LODU_2022,LODU_D_22_B1054_17322.wav,7,37.78875902,-122.479082
/Users/story/Documents/Birdz/cut_songs/LODU_2022,LODU_D_22_B1054_23740.wav,7,37.78875902,-122.479082
/Users/story/Documents/Birdz/cut_songs/LODU_2022,RS_EM_B1055_33065.wav,7,37.78915297,-122.479328
/Users/story/Documents/Birdz/cut_songs/LODU_2022,RS_EM_B1055_43169.wav,7,37.78915297,-122.479328
/Users/story/Documents/Birdz/cut_songs/LODU_2022,RS_EM_B1055_09116.wav,7,37.78915297,-122.479328
/Users/story/Documents/Birdz/cut_songs/LODU_2022,RS_EM_B1055_32481.wav,7,37.78915297,-122.479328
/Users/story/Documents/Birdz/cut_songs/LODU_2022,RS_EM_B1055_42235.wav,7,37.78915297,-122.479328
/Users/story/Documents/Birdz/cut_songs/LODU_2022,RS_EM_B1055_18663.wav,7,37.78915297,-122.479328
/Users/story/Documents/Birdz/cut_songs/LODU_2022,RS_EM_B1055_31867.wav,7,37.78915297,-122.479328
/Users/story/Documents/Birdz/cut_songs/LODU_2022,LODU_E_22_B1056_02905.wav,7,37.78922204,-122.481188
/Users/story/Documents/Birdz/cut_songs/LODU_2022,LODU_E_22_B1056_25846.wav,7,37.78922204,-122.481188
/Users/story/Documents/Birdz/cut_songs/LODU_2022,LODU_E_22_B1056_05373.wav,7,37.78922204,-122.481188
/Users/story/Documents/Birdz/cut_songs/LODU_2022,LODU_E_22_B1056_29534.wav,7,37.78922204,-122.481188
/Users/story/Documents/Birdz/cut_songs/LODU_2022,LODU_E_22_B1056_20843.wav,7,37.78922204,-122.481188
/Users/story/Documents/Birdz/cut_songs/LODU_2022,LODU_E_22_B1056_19552.wav,7,37.78922204,-122.481188
/Users/story/Documents/Birdz/cut_songs/LODU_2022,LODU_E_22_B1056_30854.wav,7,37.78922204,-122.481188
/Users/story/Documents/Birdz/cut_songs/LODU_2022,LODU_E_22_B1056_23425.wav,7,37.78922204,-122.481188
/Users/story/Documents/Birdz/cut_songs/LODU_2022,LODU_E_22_B1056_14213.wav,7,37.78922204,-122.481188
/Users/story/Documents/Birdz/cut_songs/LODU_2022,LODU_E_22_B1056_16217.wav,7,37.78922204,-122.481188
/Users/story/Documents/Birdz/cut_songs/LODU_2022,LODU_E_22_B1056_17291.wav,7,37.78922204,-122.481188
/Users/story/Documents/Birdz/cut_songs/FWSC_2022,RS_OR_B1026_13402.wav,5,37.79892904,-122.469205
/Users/story/Documents/Birdz/cut_songs/FWSC_2022,RS_OR_B1026_20047.wav,5,37.79892904,-122.469205
/Users/story/Documents/Birdz/cut_songs/FWSC_2022,RS_OR_B1026_21478.wav,5,37.79892904,-122.469205
/Users/story/Documents/Birdz/cut_songs/FWSC_2022,RS_OR_B1026_19247.wav,5,37.79892904,-122.469205
/Users/story/Documents/Birdz/cut_songs/FWSC_2022,S_YBO_B1029_58687.wav,5,37.79909802,-122.468621
/Users/story/Documents/Birdz/cut_songs/FWSC_2022,S_YBO_B1029_50393.wav,5,37.79909802,-122.468621
/Users/story/Documents/Birdz/cut_songs/FWSC_2022,S_YBO_B1029_71957.wav,5,37.79909802,-122.468621
/Users/story/Documents/Birdz/cut_songs/FWSC_2022,S_YBO_B1029_56326.wav,5,37.79909802,-122.468621
/Users/story/Documents/Birdz/cut_songs/FWSC_2022,S_YBO_B1029_64356.wav,5,37.79909802,-122.468621
/Users/story/Documents/Birdz/cut_songs/FWSC_2022,S_YBO_B1029_62326.wav,5,37.79909802,-122.468621
/Users/story/Documents/Birdz/cut_songs/FWSC_2022,S_YBO_B1029_63370.wav,5,37.79909802,-122.468621
/Users/story/Documents/Birdz/cut_songs/FWSC_2022,S_YBO_B1029_70960.wav,5,37.79909802,-122.468621
/Users/story/Documents/Birdz/cut_songs/FWSC_2022,S_YBO_B1029_70036.wav,5,37.79909802,-122.468621
/Users/story/Documents/Birdz/cut_songs/FWSC_2022,S_YBO_B1029_60591.wav,5,37.79909802,-122.468621
/Users/story/Documents/Birdz/cut_songs/FWSC_2022,S_YBO_B1029_72963.wav,5,37.79909802,-122.468621
/Users/story/Documents/Birdz/cut_songs/FWSC_2022,S_YBO_B1029_52516.wav,5,37.79909802,-122.468621
/Users/story/Documents/Birdz/cut_songs/FWSC_2022,S_YBO_B1029_59642.wav,5,37.79909802,-122.468621
/Users/story/Documents/Birdz/cut_songs/FWSC_2022,S_YBO_B1029_57783.wav,5,37.79909802,-122.468621
/Users/story/Documents/Birdz/cut_songs/FWSC_2022,S_YBO_B1029_66400.wav,5,37.79909802,-122.468621
/Users/story/Documents/Birdz/cut_songs/FWSC_2022,S_YBO_B1029_65327.wav,5,37.79909802,-122.468621
/Users/story/Documents/Birdz/cut_songs/FWSC_2022,S_YBO_B1029_53642.wav,5,37.79909802,-122.468621
/Users/story/Documents/Birdz/cut_songs/FWSC_2022,S_YBO_B1029_55392.wav,5,37.79909802,-122.468621
/Users/story/Documents/Birdz/cut_songs/FWSC_2022,FWSC_A_22_A1010_41089.wav,5,37.80052604,-122.475444
/Users/story/Documents/Birdz/cut_songs/FWSC_2022,FWSC_A_22_A1010_32001.wav,5,37.80052604,-122.475444
/Users/story/Documents/Birdz/cut_songs/FWSC_2022,FWSC_A_22_A1010_28924.wav,5,37.80052604,-122.475444
/Users/story/Documents/Birdz/cut_songs/FWSC_2022,FWSC_A_22_A1010_20140.wav,5,37.80052604,-122.475444
/Users/story/Documents/Birdz/cut_songs/FWSC_2022,FWSC_B_22_A1011_01784.wav,5,37.80299703,-122.473934
/Users/story/Documents/Birdz/cut_songs/FWSC_2022,FWSC_B_22_A1011_10077.wav,5,37.80299703,-122.473934
/Users/story/Documents/Birdz/cut_songs/FWSC_2022,FWSC_B_22_A1011_07386.wav,5,37.80299703,-122.473934
/Users/story/Documents/Birdz/cut_songs/FWSC_2022,FWSC_B_22_A1011_04103.wav,5,37.80299703,-122.473934
/Users/story/Documents/Birdz/cut_songs/FWSC_2022,FWSC_B_22_A1011_09204.wav,5,37.80299703,-122.473934
/Users/story/Documents/Birdz/cut_songs/FWSC_2022,FWSC_B_22_A1011_16444.wav,5,37.80299703,-122.473934
/Users/story/Documents/Birdz/cut_songs/FWSC_2022,FWSC_B_22_A1011_08254.wav,5,37.80299703,-122.473934
/Users/story/Documents/Birdz/cut_songs/FWSC_2022,FWSC_B_22_A1011_11167.wav,5,37.80299703,-122.473934
/Users/story/Documents/Birdz/cut_songs/FWSC_2022,FWSC_B_22_A1011_06436.wav,5,37.80299703,-122.473934
/Users/story/Documents/Birdz/cut_songs/FWSC_2022,FWSC_B_22_A1011_02492.wav,5,37.80299703,-122.473934
/Users/story/Documents/Birdz/cut_songs/BATW_2022,BATW_B_2022_A1008_37319.wav,2,37.80301496,-122.476648
/Users/story/Documents/Birdz/cut_songs/BATW_2022,BATW_B_2022_A1008_33963.wav,2,37.80301496,-122.476648
/Users/story/Documents/Birdz/cut_songs/BATW_2022,BATW_B_2022_A1008_49159.wav,2,37.80301496,-122.476648
/Users/story/Documents/Birdz/cut_songs/BATW_2022,BATW_B_2022_A1008_39597.wav,2,37.80301496,-122.476648
/Users/story/Documents/Birdz/cut_songs/BATW_2022,BATW_B_2022_A1008_42276.wav,2,37.80301496,-122.476648
/Users/story/Documents/Birdz/cut_songs/BATW_2022,BATW_B_2022_A1008_28444.wav,2,37.80301496,-122.476648
/Users/story/Documents/Birdz/cut_songs/BATW_2022,BATW_B_2022_A1008_25464.wav,2,37.80301496,-122.476648
/Users/story/Documents/Birdz/cut_songs/BATW_2022,BATW_B_2022_A1008_46470.wav,2,37.80301496,-122.476648
/Users/story/Documents/Birdz/cut_songs/BATW_2022,BATW_B_2022_A1008_31836.wav,2,37.80301496,-122.476648
/Users/story/Documents/Birdz/cut_songs/BATW_2022,S_WOW_B1024_01288.wav,2,37.80366498,-122.477034
/Users/story/Documents/Birdz/cut_songs/BATW_2022,S_WOW_B1024_13934.wav,2,37.80366498,-122.477034
/Users/story/Documents/Birdz/cut_songs/BATW_2022,S_WOW_B1024_21199.wav,2,37.80366498,-122.477034
/Users/story/Documents/Birdz/cut_songs/BATW_2022,S_WOW_B1024_05358.wav,2,37.80366498,-122.477034
/Users/story/Documents/Birdz/cut_songs/BATW_2022,S_WOW_B1024_08693.wav,2,37.80366498,-122.477034
/Users/story/Documents/Birdz/cut_songs/BATW_2022,S_WOW_B1024_10196.wav,2,37.80366498,-122.477034
/Users/story/Documents/Birdz/cut_songs/BATW_2022,S_WOW_B1024_16222.wav,2,37.80366498,-122.477034
/Users/story/Documents/Birdz/cut_songs/BATW_2022,S_WOW_B1024_17048.wav,2,37.80366498,-122.477034
/Users/story/Documents/Birdz/cut_songs/BATW_2022,S_WOW_B1024_07521.wav,2,37.80366498,-122.477034
/Users/story/Documents/Birdz/cut_songs/BATW_2022,S_WOW_B1024_19898.wav,2,37.80366498,-122.477034
/Users/story/Documents/Birdz/cut_songs/BATW_2022,S_WOW_B1024_11534.wav,2,37.80366498,-122.477034
/Users/story/Documents/Birdz/cut_songs/BATW_2022,S_WOW_B1024_25123.wav,2,37.80366498,-122.477034
/Users/story/Documents/Birdz/cut_songs/BATW_2022,S_WOW_B1024_23208.wav,2,37.80366498,-122.477034
/Users/story/Documents/Birdz/cut_songs/BATW_2022,S_WOW_B1024_18922.wav,2,37.80366498,-122.477034
/Users/story/Documents/Birdz/cut_songs/BATW_2022,S_WOW_B1024_06260.wav,2,37.80366498,-122.477034
/Users/story/Documents/Birdz/cut_songs/BATW_2022,S_WOW_B1024_24214.wav,2,37.80366498,-122.477034
/Users/story/Documents/Birdz/cut_songs/BATW_2022,S_WOW_B1024_17962.wav,2,37.80366498,-122.477034
/Users/story/Documents/Birdz/cut_songs/BATW_2022,S_WOW_B1024_22273.wav,2,37.80366498,-122.477034
/Users/story/Documents/Birdz/cut_songs/BATW_2022,OS_WE_A1007_05570.wav,2,37.80447098,-122.476937
/Users/story/Documents/Birdz/cut_songs/BATW_2022,OS_WE_A1007_01856.wav,2,37.80447098,-122.476937
/Users/story/Documents/Birdz/cut_songs/BATW_2022,OS_WE_A1007_08285.wav,2,37.80447098,-122.476937
/Users/story/Documents/Birdz/cut_songs/BATW_2022,OS_WE_A1007_01288.wav,2,37.80447098,-122.476937
/Users/story/Documents/Birdz/cut_songs/BATW_2022,OS_WE_A1007_08910.wav,2,37.80447098,-122.476937
/Users/story/Documents/Birdz/cut_songs/BATW_2022,OS_WE_A1007_28093.wav,2,37.80447098,-122.476937
/Users/story/Documents/Birdz/cut_songs/BATW_2022,OS_WE_A1007_24044.wav,2,37.80447098,-122.476937
/Users/story/Documents/Birdz/cut_songs/BATW_2022,OS_WE_A1007_03571.wav,2,37.80447098,-122.476937
/Users/story/Documents/Birdz/cut_songs/BATW_2022,OS_WE_A1007_30632.wav,2,37.80447098,-122.476937
/Users/story/Documents/Birdz/cut_songs/BATW_2022,OS_WE_A1007_23301.wav,2,37.80447098,-122.476937
/Users/story/Documents/Birdz/cut_songs/BATW_2022,OS_WE_A1007_06157.wav,2,37.80447098,-122.476937
/Users/story/Documents/Birdz/cut_songs/BATW_2022,OS_WE_A1007_02466.wav,2,37.80447098,-122.476937
/Users/story/Documents/Birdz/cut_songs/BATW_2022,OS_WE_A1007_31324.wav,2,37.80447098,-122.476937
/Users/story/Documents/Birdz/cut_songs/BATW_2022,OS_WE_A1007_28878.wav,2,37.80447098,-122.476937
/Users/story/Documents/Birdz/cut_songs/BATW_2022,OS_WE_A1007_21292.wav,2,37.80447098,-122.476937
/Users/story/Documents/Birdz/cut_songs/BATW_2022,OS_WE_A1007_24705.wav,2,37.80447098,-122.476937
/Users/story/Documents/Birdz/cut_songs/BATW_2022,OS_WE_A1007_09752.wav,2,37.80447098,-122.476937
/Users/story/Documents/Birdz/cut_songs/BATW_2022,OS_WE_A1007_04841.wav,2,37.80447098,-122.476937
/Users/story/Documents/Birdz/cut_songs/BATW_2022,OS_WE_A1007_10563.wav,2,37.80447098,-122.476937
/Users/story/Documents/Birdz/cut_songs/BATW_2022,OS_WE_A1007_06710.wav,2,37.80447098,-122.476937
/Users/story/Documents/Birdz/cut_songs/BATW_2022,OS_WE_A1007_27457.wav,2,37.80447098,-122.476937
/Users/story/Documents/Birdz/cut_songs/FWSC_2022,ES_RM_A1012_07676.wav,5,37.80472102,-122.475343
/Users/story/Documents/Birdz/cut_songs/FWSC_2022,ES_RM_A1009_14931.wav,5,37.80472102,-122.475343
/Users/story/Documents/Birdz/cut_songs/FWSC_2022,ES_RM_A1009_04511.wav,5,37.80472102,-122.475343
/Users/story/Documents/Birdz/cut_songs/FWSC_2022,ES_RM_A1009_11120.wav,5,37.80472102,-122.475343
/Users/story/Documents/Birdz/cut_songs/FWSC_2022,ES_RM_A1009_07557.wav,5,37.80472102,-122.475343
/Users/story/Documents/Birdz/cut_songs/FWSC_2022,ES_RM_A1009_00823.wav,5,37.80472102,-122.475343
/Users/story/Documents/Birdz/cut_songs/FWSC_2022,ES_RM_A1009_13490.wav,5,37.80472102,-122.475343
/Users/story/Documents/Birdz/cut_songs/FWSC_2022,ES_RM_A1009_05916.wav,5,37.80472102,-122.475343
/Users/story/Documents/Birdz/cut_songs/FWSC_2022,ES_RM_A1009_08941.wav,5,37.80472102,-122.475343
/Users/story/Documents/Birdz/cut_songs/FWSC_2022,ES_RM_A1012_02626.wav,5,37.80472102,-122.475343
/Users/story/Documents/Birdz/cut_songs/FWSC_2022,ES_RM_A1009_14182.wav,5,37.80472102,-122.475343
/Users/story/Documents/Birdz/cut_songs/FWSC_2022,ES_RM_A1009_03762.wav,5,37.80472102,-122.475343
/Users/story/Documents/Birdz/cut_songs/FWSC_2022,ES_RM_A1009_02326.wav,5,37.80472102,-122.475343
/Users/story/Documents/Birdz/cut_songs/FWSC_2022,ES_RM_A1012_05797.wav,5,37.80472102,-122.475343
/Users/story/Documents/Birdz/cut_songs/FWSC_2022,ES_RM_A1009_09674.wav,5,37.80472102,-122.475343
/Users/story/Documents/Birdz/cut_songs/FWSC_2022,ES_RM_A1009_12741.wav,5,37.80472102,-122.475343
/Users/story/Documents/Birdz/cut_songs/FWSC_2022,ES_RM_A1009_17771.wav,5,37.80472102,-122.475343
/Users/story/Documents/Birdz/cut_songs/FWSC_2022,ES_RM_A1009_06730.wav,5,37.80472102,-122.475343
/Users/story/Documents/Birdz/cut_songs/FWSC_2022,ES_RM_A1009_11885.wav,5,37.80472102,-122.475343
/Users/story/Documents/Birdz/cut_songs/BATW_2022,ES_WW_B1021_02352.wav,2,37.80503903,-122.477103
/Users/story/Documents/Birdz/cut_songs/BATW_2022,ES_WW_B1021_01288.wav,2,37.80503903,-122.477103
/Users/story/Documents/Birdz/cut_songs/BATW_2022,ES_WW_B1021_03204.wav,2,37.80503903,-122.477103
/Users/story/Documents/Birdz/cut_songs/BATW_2022,ES_WW_B1021_04180.wav,2,37.80503903,-122.477103
/Users/story/Documents/Birdz/cut_songs/BATW_2022,ES_WW_B1021_05921.wav,2,37.80503903,-122.477103
/Users/story/Documents/Birdz/cut_songs/BATW_2022,ES_WW_B1021_00472.wav,2,37.80503903,-122.477103
/Users/story/Documents/Birdz/cut_songs/BATW_2022,ES_WW_B1021_04996.wav,2,37.80503903,-122.477103
/Users/story/Documents/Birdz/cut_songs/BATW_2022,ES_WW_B1021_07794.wav,2,37.80503903,-122.477103
/Users/story/Documents/Birdz/cut_songs/BATW_2022,ES_WW_B1021_07025.wav,2,37.80503903,-122.477103
/Users/story/Documents/Birdz/cut_songs/BATW_2022,S_OWO_B1020_01051.wav,2,37.80510499,-122.476762
/Users/story/Documents/Birdz/cut_songs/BATW_2022,S_OWO_A1005_22568.wav,2,37.80510499,-122.476762
/Users/story/Documents/Birdz/cut_songs/BATW_2022,S_OWO_B1020_08300.wav,2,37.80510499,-122.476762
/Users/story/Documents/Birdz/cut_songs/BATW_2022,S_OWO_A1005_30436.wav,2,37.80510499,-122.476762
/Users/story/Documents/Birdz/cut_songs/BATW_2022,S_OWO_A1005_05301.wav,2,37.80510499,-122.476762
/Users/story/Documents/Birdz/cut_songs/BATW_2022,S_OWO_B1020_09184.wav,2,37.80510499,-122.476762
/Users/story/Documents/Birdz/cut_songs/BATW_2022,S_OWO_B1020_05756.wav,2,37.80510499,-122.476762
/Users/story/Documents/Birdz/cut_songs/BATW_2022,S_OWO_A1006_00896.wav,2,37.80510499,-122.476762
/Users/story/Documents/Birdz/cut_songs/BATW_2022,S_OWO_A1005_08352.wav,2,37.80510499,-122.476762
/Users/story/Documents/Birdz/cut_songs/BATW_2022,S_OWO_A1005_10433.wav,2,37.80510499,-122.476762
/Users/story/Documents/Birdz/cut_songs/BATW_2022,S_OWO_B1020_04599.wav,2,37.80510499,-122.476762
/Users/story/Documents/Birdz/cut_songs/BATW_2022,S_OWO_A1005_18720.wav,2,37.80510499,-122.476762
/Users/story/Documents/Birdz/cut_songs/BATW_2022,S_OWO_A1005_20486.wav,2,37.80510499,-122.476762
/Users/story/Documents/Birdz/cut_songs/BATW_2022,S_OWO_A1006_21024.wav,2,37.80510499,-122.476762
/Users/story/Documents/Birdz/cut_songs/BATW_2022,S_OWO_A1005_04284.wav,2,37.80510499,-122.476762
/Users/story/Documents/Birdz/cut_songs/BATW_2022,S_OWO_A1005_02218.wav,2,37.80510499,-122.476762
/Users/story/Documents/Birdz/cut_songs/BATW_2022,S_OWO_A1005_19567.wav,2,37.80510499,-122.476762
/Users/story/Documents/Birdz/cut_songs/BATW_2022,S_OWO_A1006_18467.wav,2,37.80510499,-122.476762
/Users/story/Documents/Birdz/cut_songs/BATW_2022,S_OWO_A1006_11301.wav,2,37.80510499,-122.476762
/Users/story/Documents/Birdz/cut_songs/BATW_2022,S_OWO_A1006_03922.wav,2,37.80510499,-122.476762
/Users/story/Documents/Birdz/cut_songs/BATW_2022,S_OWO_B1020_07515.wav,2,37.80510499,-122.476762
/Users/story/Documents/Birdz/cut_songs/BATW_2022,S_OWO_B1020_02120.wav,2,37.80510499,-122.476762
/Users/story/Documents/Birdz/cut_songs/BATW_2022,S_OWO_A1006_01717.wav,2,37.80510499,-122.476762
/Users/story/Documents/Birdz/cut_songs/BATW_2022,S_OWO_A1006_09411.wav,2,37.80510499,-122.476762
/Users/story/Documents/Birdz/cut_songs/BATW_2022,S_OWO_A1005_13082.wav,2,37.80510499,-122.476762
/Users/story/Documents/Birdz/cut_songs/BATW_2022,S_OWO_A1006_20130.wav,2,37.80510499,-122.476762
/Users/story/Documents/Birdz/cut_songs/BATW_2022,S_OWO_B1020_06627.wav,2,37.80510499,-122.476762
/Users/story/Documents/Birdz/cut_songs/BATW_2022,S_OWO_A1005_35523.wav,2,37.80510499,-122.476762
/Users/story/Documents/Birdz/cut_songs/BATW_2022,S_OWO_A1005_17849.wav,2,37.80510499,-122.476762
/Users/story/Documents/Birdz/cut_songs/BATW_2022,S_OWO_A1005_11342.wav,2,37.80510499,-122.476762
/Users/story/Documents/Birdz/cut_songs/BATW_2022,S_OWO_A1005_03395.wav,2,37.80510499,-122.476762
/Users/story/Documents/Birdz/cut_songs/BATW_2022,S_OWO_A1006_08585.wav,2,37.80510499,-122.476762
/Users/story/Documents/Birdz/cut_songs/BATW_2022,S_OWO_A1006_03173.wav,2,37.80510499,-122.476762
/Users/story/Documents/Birdz/cut_songs/BATW_2022,S_OWO_A1005_25779.wav,2,37.80510499,-122.476762
/Users/story/Documents/Birdz/cut_songs/BATW_2022,S_OWO_A1006_10279.wav,2,37.80510499,-122.476762
/Users/story/Documents/Birdz/cut_songs/BATE_2022,BATE_A_22_B1003_13417.wav,1,37.80671298,-122.471804
/Users/story/Documents/Birdz/cut_songs/BATE_2022,BATE_A_22_B1003_17074.wav,1,37.80671298,-122.471804
/Users/story/Documents/Birdz/cut_songs/BATE_2022,BATE_A_22_B1003_14745.wav,1,37.80671298,-122.471804
/Users/story/Documents/Birdz/cut_songs/BATE_2022,BATE_A_22_B1003_20450.wav,1,37.80671298,-122.471804
/Users/story/Documents/Birdz/cut_songs/BATE_2022,BATE_A_22_B1003_01918.wav,1,37.80671298,-122.471804
/Users/story/Documents/Birdz/cut_songs/BATE_2022,BATE_A_22_B1003_18271.wav,1,37.80671298,-122.471804
/Users/story/Documents/Birdz/cut_songs/BATE_2022,BATE_A_22_B1003_02946.wav,1,37.80671298,-122.471804
/Users/story/Documents/Birdz/cut_songs/BATE_2022,BATE_A_22_B1003_12100.wav,1,37.80671298,-122.471804
/Users/story/Documents/Birdz/cut_songs/BATE_2022,BS_EK_B1005_06679.wav,1,37.80678699,-122.471872
/Users/story/Documents/Birdz/cut_songs/BATE_2022,BS_EK_B1005_10888.wav,1,37.80678699,-122.471872
/Users/story/Documents/Birdz/cut_songs/BATE_2022,BS_EK_B1005_10072.wav,1,37.80678699,-122.471872
/Users/story/Documents/Birdz/cut_songs/BATE_2022,BS_EK_B1005_01118.wav,1,37.80678699,-122.471872
/Users/story/Documents/Birdz/cut_songs/BATE_2022,S_RYM_B1007_08244.wav,1,37.80731798,-122.47256
/Users/story/Documents/Birdz/cut_songs/BATE_2022,S_RYM_B1006_02863.wav,1,37.80731798,-122.47256
/Users/story/Documents/Birdz/cut_songs/BATE_2022,S_RYM_B1007_09809.wav,1,37.80731798,-122.47256
/Users/story/Documents/Birdz/cut_songs/BATE_2022,S_RYM_B1007_12353.wav,1,37.80731798,-122.47256
/Users/story/Documents/Birdz/cut_songs/BATE_2022,S_RYM_B1007_04743.wav,1,37.80731798,-122.47256
/Users/story/Documents/Birdz/cut_songs/BATE_2022,S_RYM_B1007_02455.wav,1,37.80731798,-122.47256
/Users/story/Documents/Birdz/cut_songs/BATE_2022,S_RYM_B1007_11342.wav,1,37.80731798,-122.47256
/Users/story/Documents/Birdz/cut_songs/BATE_2022,S_RYM_B1007_01810.wav,1,37.80731798,-122.47256
/Users/story/Documents/Birdz/cut_songs/BATE_2022,S_RYM_B1007_04067.wav,1,37.80731798,-122.47256
/Users/story/Documents/Birdz/cut_songs/BATE_2022,S_RYM_B1007_13097.wav,1,37.80731798,-122.47256
/Users/story/Documents/Birdz/cut_songs/BATE_2022,S_RYM_B1007_06854.wav,1,37.80731798,-122.47256
/Users/story/Documents/Birdz/cut_songs/BATE_2022,S_RYM_B1006_07913.wav,1,37.80731798,-122.47256
/Users/story/Documents/Birdz/cut_songs/BATE_2022,S_RYM_B1007_00198.wav,1,37.80731798,-122.47256
/Users/story/Documents/Birdz/cut_songs/BATW_2022,S_BYE_B1018_00648.wav,2,37.80734899,-122.476925
/Users/story/Documents/Birdz/cut_songs/BATW_2022,S_BYE_B1017_01629.wav,2,37.80734899,-122.476925
/Users/story/Documents/Birdz/cut_songs/BATW_2022,S_BYE_B1017_05477.wav,2,37.80734899,-122.476925
/Users/story/Documents/Birdz/cut_songs/BATW_2022,S_BYE_B1017_02894.wav,2,37.80734899,-122.476925
/Users/story/Documents/Birdz/cut_songs/BATW_2022,S_BYE_B1017_04165.wav,2,37.80734899,-122.476925
/Users/story/Documents/Birdz/cut_songs/BATW_2022,S_BYE_B1017_06772.wav,2,37.80734899,-122.476925
/Users/story/Documents/Birdz/cut_songs/BATW_2022,S_BYE_B1018_07361.wav,2,37.80734899,-122.476925
/Users/story/Documents/Birdz/cut_songs/BATW_2022,S_BYE_B1017_00612.wav,2,37.80734899,-122.476925
/Users/story/Documents/Birdz/cut_songs/BATW_2022,WS_KO_B1019_43087.wav,2,37.80788803,-122.476925
/Users/story/Documents/Birdz/cut_songs/BATW_2022,WS_KO_B1019_23565.wav,2,37.80788803,-122.476925
/Users/story/Documents/Birdz/cut_songs/BATW_2022,WS_KO_B1019_28020.wav,2,37.80788803,-122.476925
/Users/story/Documents/Birdz/cut_songs/BATW_2022,WS_KO_B1019_40862.wav,2,37.80788803,-122.476925
/Users/story/Documents/Birdz/cut_songs/BATW_2022,WS_KO_B1019_10459.wav,2,37.80788803,-122.476925
/Users/story/Documents/Birdz/cut_songs/BATW_2022,WS_KO_B1019_35492.wav,2,37.80788803,-122.476925
/Users/story/Documents/Birdz/cut_songs/BATE_2022,S_WBO_B1008_14461.wav,1,37.80800999,-122.473387
/Users/story/Documents/Birdz/cut_songs/BATE_2022,S_WBO_B1008_03292.wav,1,37.80800999,-122.473387
/Users/story/Documents/Birdz/cut_songs/BATE_2022,S_WBO_B1008_32104.wav,1,37.80800999,-122.473387
/Users/story/Documents/Birdz/cut_songs/BATE_2022,S_WBO_B1008_11590.wav,1,37.80800999,-122.473387
/Users/story/Documents/Birdz/cut_songs/BATE_2022,S_WBO_B1008_12514.wav,1,37.80800999,-122.473387
/Users/story/Documents/Birdz/cut_songs/BATE_2022,S_WBO_B1008_21468.wav,1,37.80800999,-122.473387
/Users/story/Documents/Birdz/cut_songs/BATE_2022,S_WBO_B1008_16986.wav,1,37.80800999,-122.473387
/Users/story/Documents/Birdz/cut_songs/BATE_2022,RS_EW_B1010_24436.wav,1,37.80816296,-122.473959
/Users/story/Documents/Birdz/cut_songs/BATE_2022,RS_EW_B1010_30483.wav,1,37.80816296,-122.473959
/Users/story/Documents/Birdz/cut_songs/BATE_2022,RS_EW_B1010_20492.wav,1,37.80816296,-122.473959
/Users/story/Documents/Birdz/cut_songs/BATE_2022,RS_EW_B1010_27339.wav,1,37.80816296,-122.473959
/Users/story/Documents/Birdz/cut_songs/BATE_2022,RS_EW_B1010_26543.wav,1,37.80816296,-122.473959
/Users/story/Documents/Birdz/cut_songs/BATE_2022,RS_EW_B1010_19758.wav,1,37.80816296,-122.473959
/Users/story/Documents/Birdz/cut_songs/BATE_2022,RS_EW_B1010_31200.wav,1,37.80816296,-122.473959
/Users/story/Documents/Birdz/cut_songs/BATE_2022,RS_EW_B1010_28279.wav,1,37.80816296,-122.473959
/Users/story/Documents/Birdz/cut_songs/BATE_2022,RS_EW_B1010_36126.wav,1,37.80816296,-122.473959
/Users/story/Documents/Birdz/cut_songs/BATE_2022,RS_EW_B1010_28914.wav,1,37.80816296,-122.473959
/Users/story/Documents/Birdz/cut_songs/BATE_2022,RS_EW_B1010_29596.wav,1,37.80816296,-122.473959
/Users/story/Documents/Birdz/cut_songs/BATE_2022,RS_EW_B1010_04377.wav,1,37.80816296,-122.473959
/Users/story/Documents/Birdz/cut_songs/BATE_2022,RS_EW_B1010_20946.wav,1,37.80816296,-122.473959
/Users/story/Documents/Birdz/cut_songs/BATE_2022,RS_EW_B1010_23095.wav,1,37.80816296,-122.473959
/Users/story/Documents/Birdz/cut_songs/BATE_2022,RS_EW_B1010_23740.wav,1,37.80816296,-122.473959
/Users/story/Documents/Birdz/cut_songs/BATE_2022,RS_EW_B1010_32925.wav,1,37.80816296,-122.473959
/Users/story/Documents/Birdz/cut_songs/BATE_2022,RS_EW_B1010_22470.wav,1,37.80816296,-122.473959
/Users/story/Documents/Birdz/cut_songs/BATE_2022,RS_EW_B1010_25283.wav,1,37.80816296,-122.473959
/Users/story/Documents/Birdz/cut_songs/BATE_2022,MS_BB_B1015_22960.wav,1,37.80826396,-122.476346
/Users/story/Documents/Birdz/cut_songs/BATE_2022,MS_BB_B1015_33953.wav,1,37.80826396,-122.476346
/Users/story/Documents/Birdz/cut_songs/BATE_2022,MS_BB_B1015_18095.wav,1,37.80826396,-122.476346
/Users/story/Documents/Birdz/cut_songs/BATE_2022,MS_BB_B1015_30250.wav,1,37.80826396,-122.476346
/Users/story/Documents/Birdz/cut_songs/BATE_2022,MS_BB_B1015_29477.wav,1,37.80826396,-122.476346
/Users/story/Documents/Birdz/cut_songs/BATE_2022,MS_BB_B1015_25861.wav,1,37.80826396,-122.476346
/Users/story/Documents/Birdz/cut_songs/BATE_2022,MS_BB_B1015_35482.wav,1,37.80826396,-122.476346
/Users/story/Documents/Birdz/cut_songs/BATE_2022,MS_BB_B1015_17384.wav,1,37.80826396,-122.476346
/Users/story/Documents/Birdz/cut_songs/BATE_2022,MS_BB_B1015_33230.wav,1,37.80826396,-122.476346
/Users/story/Documents/Birdz/cut_songs/BATE_2022,MS_BB_B1015_37903.wav,1,37.80826396,-122.476346
/Users/story/Documents/Birdz/cut_songs/BATE_2022,MS_BB_B1015_36198.wav,1,37.80826396,-122.476346
/Users/story/Documents/Birdz/cut_songs/BATE_2022,MS_BB_B1015_18767.wav,1,37.80826396,-122.476346
/Users/story/Documents/Birdz/cut_songs/BATE_2022,MS_BB_B1015_30968.wav,1,37.80826396,-122.476346
/Users/story/Documents/Birdz/cut_songs/LODU_2022,S_EKK_B1061_06111.wav,7,37.80826396,-122.476346
/Users/story/Documents/Birdz/cut_songs/LODU_2022,S_EKK_B1061_10377.wav,7,37.80826396,-122.476346
/Users/story/Documents/Birdz/cut_songs/LODU_2022,S_EKK_B1061_30060.wav,7,37.80826396,-122.476346
/Users/story/Documents/Birdz/cut_songs/LODU_2022,S_EKK_B1061_15483.wav,7,37.80826396,-122.476346
/Users/story/Documents/Birdz/cut_songs/LODU_2022,S_EKK_B1061_04774.wav,7,37.80826396,-122.476346
/Users/story/Documents/Birdz/cut_songs/LODU_2022,S_EKK_B1061_19691.wav,7,37.80826396,-122.476346
/Users/story/Documents/Birdz/cut_songs/LODU_2022,S_EKK_B1061_26688.wav,7,37.80826396,-122.476346
/Users/story/Documents/Birdz/cut_songs/LODU_2022,RS_ER_B1062_13144.wav,7,37.80826396,-122.476346
/Users/story/Documents/Birdz/cut_songs/LODU_2022,S_EKK_B1061_28526.wav,7,37.80826396,-122.476346
/Users/story/Documents/Birdz/cut_songs/LODU_2022,S_EKK_B1061_21313.wav,7,37.80826396,-122.476346
/Users/story/Documents/Birdz/cut_songs/LODU_2022,RS_ER_B1062_13949.wav,7,37.80826396,-122.476346
/Users/story/Documents/Birdz/cut_songs/LODU_2022,S_EKK_B1061_17997.wav,7,37.80826396,-122.476346
/Users/story/Documents/Birdz/cut_songs/LODU_2022,RS_ER_B1062_50569.wav,7,37.80826396,-122.476346
/Users/story/Documents/Birdz/cut_songs/LODU_2022,S_EKK_B1061_24627.wav,7,37.80826396,-122.476346
/Users/story/Documents/Birdz/cut_songs/BATE_2022,YS_KB_A1003_14745.wav,1,37.80835499,-122.474435
/Users/story/Documents/Birdz/cut_songs/BATE_2022,YS_KB_A1003_13061.wav,1,37.80835499,-122.474435
/Users/story/Documents/Birdz/cut_songs/BATE_2022,YS_KB_A1003_13877.wav,1,37.80835499,-122.474435
/Users/story/Documents/Birdz/cut_songs/BATE_2022,YS_KB_A1003_02239.wav,1,37.80835499,-122.474435
/Users/story/Documents/Birdz/cut_songs/BATE_2022,YS_KB_A1003_16893.wav,1,37.80835499,-122.474435
/Users/story/Documents/Birdz/cut_songs/BATE_2022,YS_KB_A1003_06689.wav,1,37.80835499,-122.474435
/Users/story/Documents/Birdz/cut_songs/BATE_2022,YS_KB_A1003_22924.wav,1,37.80835499,-122.474435
/Users/story/Documents/Birdz/cut_songs/BATE_2022,YS_KB_A1003_19030.wav,1,37.80835499,-122.474435
/Users/story/Documents/Birdz/cut_songs/BATE_2022,YS_KB_A1003_22098.wav,1,37.80835499,-122.474435
/Users/story/Documents/Birdz/cut_songs/BATE_2022,YS_KB_A1003_08414.wav,1,37.80835499,-122.474435
/Users/story/Documents/Birdz/cut_songs/BATE_2022,YS_KB_A1003_27194.wav,1,37.80835499,-122.474435
/Users/story/Documents/Birdz/cut_songs/BATE_2022,YS_KB_A1003_15695.wav,1,37.80835499,-122.474435
/Users/story/Documents/Birdz/cut_songs/BATE_2022,BATE_C_22_B1016_09803.wav,1,37.808587,-122.47608
/Users/story/Documents/Birdz/cut_songs/BATE_2022,BATE_C_22_B1016_34604.wav,1,37.808587,-122.47608
/Users/story/Documents/Birdz/cut_songs/BATE_2022,BATE_C_22_B1016_12617.wav,1,37.808587,-122.47608
/Users/story/Documents/Birdz/cut_songs/BATE_2022,BATE_C_22_B1016_48901.wav,1,37.808587,-122.47608
/Users/story/Documents/Birdz/cut_songs/BATE_2022,BATE_C_22_B1016_47410.wav,1,37.808587,-122.47608
/Users/story/Documents/Birdz/cut_songs/BATE_2022,BATE_C_22_B1016_50218.wav,1,37.808587,-122.47608
/Users/story/Documents/Birdz/cut_songs/BATE_2022,BATE_C_22_B1016_41818.wav,1,37.808587,-122.47608
/Users/story/Documents/Birdz/cut_songs/BATE_2022,BATE_C_22_B1016_26249.wav,1,37.808587,-122.47608
/Users/story/Documents/Birdz/cut_songs/BATE_2022,BATE_C_22_B1016_13960.wav,1,37.808587,-122.47608
/Users/story/Documents/Birdz/cut_songs/BATE_2022,BATE_C_22_B1016_24699.wav,1,37.808587,-122.47608
/Users/story/Documents/Birdz/cut_songs/BATE_2022,BATE_C_22_B1016_40738.wav,1,37.808587,-122.47608
/Users/story/Documents/Birdz/cut_songs/BATE_2022,BATE_C_22_B1016_23472.wav,1,37.808587,-122.47608
/Users/story/Documents/Birdz/cut_songs/BATE_2022,BATE_C_22_B1016_11038.wav,1,37.808587,-122.47608
/Users/story/Documents/Birdz/cut_songs/BATE_2022,BATE_C_22_B1016_51530.wav,1,37.808587,-122.47608
/Users/story/Documents/Birdz/cut_songs/BATE_2022,BATE_C_22_B1016_38192.wav,1,37.808587,-122.47608
/Users/story/Documents/Birdz/cut_songs/BATE_2022,BATE_C_22_B1016_43051.wav,1,37.808587,-122.47608
/Users/story/Documents/Birdz/cut_songs/BATE_2022,KS_OE_B1012_00514.wav,1,37.80859597,-122.475287
/Users/story/Documents/Birdz/cut_songs/BATE_2022,KS_OE_B1013_19242.wav,1,37.80859597,-122.475287
/Users/story/Documents/Birdz/cut_songs/BATE_2022,KS_OE_B1013_23136.wav,1,37.80859597,-122.475287
/Users/story/Documents/Birdz/cut_songs/BATE_2022,KS_OE_B1013_16186.wav,1,37.80859597,-122.475287
/Users/story/Documents/Birdz/cut_songs/BATE_2022,KS_OE_B1013_22341.wav,1,37.80859597,-122.475287
/Users/story/Documents/Birdz/cut_songs/BATE_2022,KS_OE_B1013_30916.wav,1,37.80859597,-122.475287
/Users/story/Documents/Birdz/cut_songs/BATE_2022,KS_OE_B1012_17885.wav,1,37.80859597,-122.475287
/Users/story/Documents/Birdz/cut_songs/BATE_2022,KS_OE_B1013_14652.wav,1,37.80859597,-122.475287
/Users/story/Documents/Birdz/cut_songs/BATE_2022,KS_OE_B1013_25892.wav,1,37.80859597,-122.475287
/Users/story/Documents/Birdz/cut_songs/BATE_2022,KS_OE_B1013_24033.wav,1,37.80859597,-122.475287
/Users/story/Documents/Birdz/cut_songs/COMW_2022,COMM_K_22_B1173_09607.wav,3,37.90457102,-122.723793
/Users/story/Documents/Birdz/cut_songs/COMW_2022,COMM_K_22_B1173_24679.wav,3,37.90457102,-122.723793
/Users/story/Documents/Birdz/cut_songs/COMW_2022,COMM_K_22_B1173_13598.wav,3,37.90457102,-122.723793
/Users/story/Documents/Birdz/cut_songs/COMW_2022,COMM_K_22_B1173_27943.wav,3,37.90457102,-122.723793
/Users/story/Documents/Birdz/cut_songs/COMW_2022,COMM_K_22_B1173_07138.wav,3,37.90457102,-122.723793
/Users/story/Documents/Birdz/cut_songs/COMW_2022,COMM_K_22_B1173_05904.wav,3,37.90457102,-122.723793
/Users/story/Documents/Birdz/cut_songs/COMW_2022,COMM_K_22_B1173_22149.wav,3,37.90457102,-122.723793
/Users/story/Documents/Birdz/cut_songs/COMW_2022,COMM_K_22_B1173_26166.wav,3,37.90457102,-122.723793
/Users/story/Documents/Birdz/cut_songs/COMW_2022,COMM_K_22_B1173_11079.wav,3,37.90457102,-122.723793
/Users/story/Documents/Birdz/cut_songs/COMW_2022,COMM_K_22_B1173_04475.wav,3,37.90457102,-122.723793
/Users/story/Documents/Birdz/cut_songs/COMW_2022,COMM_K_22_B1173_02202.wav,3,37.90457102,-122.723793
/Users/story/Documents/Birdz/cut_songs/COMW_2022,COMM_K_22_B1173_29291.wav,3,37.90457102,-122.723793
/Users/story/Documents/Birdz/cut_songs/COMW_2022,COMM_K_22_B1173_14931.wav,3,37.90457102,-122.723793
/Users/story/Documents/Birdz/cut_songs/COMW_2022,COMM_K_22_B1173_12400.wav,3,37.90457102,-122.723793
/Users/story/Documents/Birdz/cut_songs/COMW_2022,COMM_I_22_B1170_23997.wav,3,37.906523,-122.719119
/Users/story/Documents/Birdz/cut_songs/COMW_2022,COMM_I_22_B1170_35105.wav,3,37.906523,-122.719119
/Users/story/Documents/Birdz/cut_songs/COMW_2022,COMM_I_22_B1170_31603.wav,3,37.906523,-122.719119
/Users/story/Documents/Birdz/cut_songs/COMW_2022,COMM_I_22_B1170_01598.wav,3,37.906523,-122.719119
/Users/story/Documents/Birdz/cut_songs/COMW_2022,COMM_I_22_B1170_32781.wav,3,37.906523,-122.719119
/Users/story/Documents/Birdz/cut_songs/COMW_2022,COMM_I_22_B1170_08233.wav,3,37.906523,-122.719119
/Users/story/Documents/Birdz/cut_songs/COMW_2022,COMM_I_22_B1170_29818.wav,3,37.906523,-122.719119
/Users/story/Documents/Birdz/cut_songs/COMW_2022,COMM_I_22_B1170_22769.wav,3,37.906523,-122.719119
/Users/story/Documents/Birdz/cut_songs/COMW_2022,COMM_I_22_B1170_34113.wav,3,37.906523,-122.719119
/Users/story/Documents/Birdz/cut_songs/COMW_2022,COMM_I_22_B1170_26311.wav,3,37.906523,-122.719119
/Users/story/Documents/Birdz/cut_songs/COMW_2022,COMM_I_22_B1170_20982.wav,3,37.906523,-122.719119
/Users/story/Documents/Birdz/cut_songs/COMW_2022,COMM_I_22_B1170_38089.wav,3,37.906523,-122.719119
/Users/story/Documents/Birdz/cut_songs/COMW_2022,COMM_I_22_B1170_36477.wav,3,37.906523,-122.719119
/Users/story/Documents/Birdz/cut_songs/COMW_2022,COMM_I_22_B1170_19753.wav,3,37.906523,-122.719119
/Users/story/Documents/Birdz/cut_songs/COMW_2022,COMM_I_22_B1170_28377.wav,3,37.906523,-122.719119
/Users/story/Documents/Birdz/cut_songs/COMW_2022,COMM_I_22_B1170_18514.wav,3,37.906523,-122.719119
/Users/story/Documents/Birdz/cut_songs/RICH_2022,S_OKW_B1093_10439.wav,8,37.90741199,-122.345876
/Users/story/Documents/Birdz/cut_songs/RICH_2022,S_OKW_B1093_12978.wav,8,37.90741199,-122.345876
/Users/story/Documents/Birdz/cut_songs/RICH_2022,S_OKW_B1093_02616.wav,8,37.90741199,-122.345876
/Users/story/Documents/Birdz/cut_songs/RICH_2022,S_OKW_B1093_20311.wav,8,37.90741199,-122.345876
/Users/story/Documents/Birdz/cut_songs/RICH_2022,S_OKW_B1093_12188.wav,8,37.90741199,-122.345876
/Users/story/Documents/Birdz/cut_songs/RICH_2022,S_OKW_B1095_01087.wav,8,37.90741199,-122.345876
/Users/story/Documents/Birdz/cut_songs/RICH_2022,S_OKW_B1093_00932.wav,8,37.90741199,-122.345876
/Users/story/Documents/Birdz/cut_songs/RICH_2022,S_OKW_B1093_08605.wav,8,37.90741199,-122.345876
/Users/story/Documents/Birdz/cut_songs/RICH_2022,S_OKW_B1093_11368.wav,8,37.90741199,-122.345876
/Users/story/Documents/Birdz/cut_songs/RICH_2022,S_OKW_B1095_05652.wav,8,37.90741199,-122.345876
/Users/story/Documents/Birdz/cut_songs/RICH_2022,S_OKW_B1093_14636.wav,8,37.90741199,-122.345876
/Users/story/Documents/Birdz/cut_songs/RICH_2022,S_OKW_B1093_21189.wav,8,37.90741199,-122.345876
/Users/story/Documents/Birdz/cut_songs/RICH_2022,S_OKW_B1095_04082.wav,8,37.90741199,-122.345876
/Users/story/Documents/Birdz/cut_songs/RICH_2022,KS_YO_B1092_09421.wav,8,37.90752296,-122.34666
/Users/story/Documents/Birdz/cut_songs/RICH_2022,KS_YO_B1092_19185.wav,8,37.90752296,-122.34666
/Users/story/Documents/Birdz/cut_songs/RICH_2022,KS_YO_B1092_23554.wav,8,37.90752296,-122.34666
/Users/story/Documents/Birdz/cut_songs/RICH_2022,KS_YO_B1092_15958.wav,8,37.90752296,-122.34666
/Users/story/Documents/Birdz/cut_songs/RICH_2022,KS_YO_B1092_31144.wav,8,37.90752296,-122.34666
/Users/story/Documents/Birdz/cut_songs/RICH_2022,KS_YO_B1092_14765.wav,8,37.90752296,-122.34666
/Users/story/Documents/Birdz/cut_songs/RICH_2022,KS_YO_B1092_01552.wav,8,37.90752296,-122.34666
/Users/story/Documents/Birdz/cut_songs/RICH_2022,KS_YO_B1092_25433.wav,8,37.90752296,-122.34666
/Users/story/Documents/Birdz/cut_songs/RICH_2022,KS_YO_B1092_02879.wav,8,37.90752296,-122.34666
/Users/story/Documents/Birdz/cut_songs/RICH_2022,KS_YO_B1092_20982.wav,8,37.90752296,-122.34666
/Users/story/Documents/Birdz/cut_songs/RICH_2022,KS_YO_B1092_11430.wav,8,37.90752296,-122.34666
/Users/story/Documents/Birdz/cut_songs/RICH_2022,KS_YO_B1092_12674.wav,8,37.90752296,-122.34666
/Users/story/Documents/Birdz/cut_songs/RICH_2022,KS_YO_B1092_22242.wav,8,37.90752296,-122.34666
/Users/story/Documents/Birdz/cut_songs/RICH_2022,KS_YO_B1092_18069.wav,8,37.90752296,-122.34666
/Users/story/Documents/Birdz/cut_songs/RICH_2022,KS_YO_B1092_02233.wav,8,37.90752296,-122.34666
/Users/story/Documents/Birdz/cut_songs/RICH_2022,KS_YO_B1092_10433.wav,8,37.90752296,-122.34666
/Users/story/Documents/Birdz/cut_songs/RICH_2022,KS_YO_B1092_24622.wav,8,37.90752296,-122.34666
/Users/story/Documents/Birdz/cut_songs/RICH_2022,KS_YO_B1092_16929.wav,8,37.90752296,-122.34666
/Users/story/Documents/Birdz/cut_songs/RICH_2022,KS_YO_B1092_13892.wav,8,37.90752296,-122.34666
/Users/story/Documents/Birdz/cut_songs/RICH_2022,KS_YO_B1092_19944.wav,8,37.90752296,-122.34666
/Users/story/Documents/Birdz/cut_songs/COMW_2022,S_WKW_B1168_17714.wav,3,37.90813099,-122.720543
/Users/story/Documents/Birdz/cut_songs/COMW_2022,S_WKW_B1168_32409.wav,3,37.90813099,-122.720543
/Users/story/Documents/Birdz/cut_songs/COMW_2022,S_WKW_B1168_22790.wav,3,37.90813099,-122.720543
/Users/story/Documents/Birdz/cut_songs/COMW_2022,S_WKW_B1168_39943.wav,3,37.90813099,-122.720543
/Users/story/Documents/Birdz/cut_songs/COMW_2022,S_WKW_B1168_30782.wav,3,37.90813099,-122.720543
/Users/story/Documents/Birdz/cut_songs/COMW_2022,S_WKW_B1168_15189.wav,3,37.90813099,-122.720543
/Users/story/Documents/Birdz/cut_songs/COMW_2022,S_WKW_B1168_29322.wav,3,37.90813099,-122.720543
/Users/story/Documents/Birdz/cut_songs/COMW_2022,S_WKW_B1168_18896.wav,3,37.90813099,-122.720543
/Users/story/Documents/Birdz/cut_songs/COMW_2022,S_WKW_B1168_16676.wav,3,37.90813099,-122.720543
/Users/story/Documents/Birdz/cut_songs/COMW_2022,S_WKW_B1168_00410.wav,3,37.90813099,-122.720543
/Users/story/Documents/Birdz/cut_songs/COMW_2022,S_WKW_B1168_34000.wav,3,37.90813099,-122.720543
/Users/story/Documents/Birdz/cut_songs/COMW_2022,S_WKW_B1168_38362.wav,3,37.90813099,-122.720543
/Users/story/Documents/Birdz/cut_songs/COMW_2022,S_WKW_B1168_35280.wav,3,37.90813099,-122.720543
/Users/story/Documents/Birdz/cut_songs/COMW_2022,S_WKW_B1168_42746.wav,3,37.90813099,-122.720543
/Users/story/Documents/Birdz/cut_songs/COMW_2022,S_WKW_B1168_36854.wav,3,37.90813099,-122.720543
/Users/story/Documents/Birdz/cut_songs/COMW_2022,S_WKW_B1168_20941.wav,3,37.90813099,-122.720543
/Users/story/Documents/Birdz/cut_songs/RICH_2022,RICH_C_22_B1098_11890.wav,8,37.90813199,-122.341692
/Users/story/Documents/Birdz/cut_songs/RICH_2022,RICH_C_22_B1098_03173.wav,8,37.90813199,-122.341692
/Users/story/Documents/Birdz/cut_songs/RICH_2022,RICH_C_22_B1098_07691.wav,8,37.90813199,-122.341692
/Users/story/Documents/Birdz/cut_songs/RICH_2022,RICH_B_22_B1090_19200.wav,8,37.90884898,-122.350337
/Users/story/Documents/Birdz/cut_songs/RICH_2022,RICH_B_22_B1091_01996.wav,8,37.90884898,-122.350337
/Users/story/Documents/Birdz/cut_songs/RICH_2022,RICH_B_22_B1090_21710.wav,8,37.90884898,-122.350337
/Users/story/Documents/Birdz/cut_songs/RICH_2022,RICH_B_22_B1091_03716.wav,8,37.90884898,-122.350337
/Users/story/Documents/Birdz/cut_songs/RICH_2022,RICH_B_22_B1091_06297.wav,8,37.90884898,-122.350337
/Users/story/Documents/Birdz/cut_songs/RICH_2022,RICH_B_22_B1090_27008.wav,8,37.90884898,-122.350337
/Users/story/Documents/Birdz/cut_songs/RICH_2022,RICH_B_22_B1091_04712.wav,8,37.90884898,-122.350337
/Users/story/Documents/Birdz/cut_songs/RICH_2022,RICH_B_22_B1090_28005.wav,8,37.90884898,-122.350337
/Users/story/Documents/Birdz/cut_songs/RICH_2022,RICH_B_22_B1091_02853.wav,8,37.90884898,-122.350337
/Users/story/Documents/Birdz/cut_songs/RICH_2022,RICH_A_22_B1084_10743.wav,8,37.90910002,-122.348096
/Users/story/Documents/Birdz/cut_songs/RICH_2022,RICH_A_22_B1084_00524.wav,8,37.90910002,-122.348096
/Users/story/Documents/Birdz/cut_songs/RICH_2022,RICH_A_22_B1084_14435.wav,8,37.90910002,-122.348096
/Users/story/Documents/Birdz/cut_songs/RICH_2022,RICH_A_22_B1084_05482.wav,8,37.90910002,-122.348096
/Users/story/Documents/Birdz/cut_songs/RICH_2022,RICH_A_22_B1084_11792.wav,8,37.90910002,-122.348096
/Users/story/Documents/Birdz/cut_songs/RICH_2022,RICH_A_22_B1084_06498.wav,8,37.90910002,-122.348096
/Users/story/Documents/Birdz/cut_songs/RICH_2022,RICH_A_22_B1084_09829.wav,8,37.90910002,-122.348096
/Users/story/Documents/Birdz/cut_songs/RICH_2022,RICH_A_22_B1084_13469.wav,8,37.90910002,-122.348096
/Users/story/Documents/Birdz/cut_songs/RICH_2022,RICH_A_22_B1084_02956.wav,8,37.90910002,-122.348096
/Users/story/Documents/Birdz/cut_songs/RICH_2022,S_WEO_B1089_25051.wav,8,37.909341,-122.346834
/Users/story/Documents/Birdz/cut_songs/RICH_2022,S_WEO_B1089_28588.wav,8,37.909341,-122.346834
/Users/story/Documents/Birdz/cut_songs/RICH_2022,S_WEO_B1089_19619.wav,8,37.909341,-122.346834
/Users/story/Documents/Birdz/cut_songs/RICH_2022,S_WEO_B1089_25727.wav,8,37.909341,-122.346834
/Users/story/Documents/Birdz/cut_songs/RICH_2022,S_WEO_B1089_26466.wav,8,37.909341,-122.346834
/Users/story/Documents/Birdz/cut_songs/RICH_2022,S_WEO_B1089_19118.wav,8,37.909341,-122.346834
/Users/story/Documents/Birdz/cut_songs/RICH_2022,S_WEO_B1089_01794.wav,8,37.909341,-122.346834
/Users/story/Documents/Birdz/cut_songs/RICH_2022,S_WEO_B1089_27168.wav,8,37.909341,-122.346834
/Users/story/Documents/Birdz/cut_songs/RICH_2022,S_WEO_B1089_24250.wav,8,37.909341,-122.346834
/Users/story/Documents/Birdz/cut_songs/RICH_2022,S_WEO_B1089_22144.wav,8,37.909341,-122.346834
/Users/story/Documents/Birdz/cut_songs/RICH_2022,S_WEO_B1089_21514.wav,8,37.909341,-122.346834
/Users/story/Documents/Birdz/cut_songs/RICH_2022,S_WEO_B1089_20838.wav,8,37.909341,-122.346834
/Users/story/Documents/Birdz/cut_songs/RICH_2022,S_WEO_B1089_00916.wav,8,37.909341,-122.346834
/Users/story/Documents/Birdz/cut_songs/RICH_2022,S_WEO_B1089_22779.wav,8,37.909341,-122.346834
/Users/story/Documents/Birdz/cut_songs/RICH_2022,S_WEO_B1089_27855.wav,8,37.909341,-122.346834
/Users/story/Documents/Birdz/cut_songs/RICH_2022,S_WEO_B1089_18534.wav,8,37.909341,-122.346834
/Users/story/Documents/Birdz/cut_songs/RICH_2022,S_WEO_B1089_20269.wav,8,37.909341,-122.346834
/Users/story/Documents/Birdz/cut_songs/RICH_2022,S_WEO_B1089_23611.wav,8,37.909341,-122.346834
/Users/story/Documents/Birdz/cut_songs/RICH_2022,S_WYY_B1085_29900.wav,8,37.90934703,-122.347296
/Users/story/Documents/Birdz/cut_songs/RICH_2022,S_WYY_B1085_26011.wav,8,37.90934703,-122.347296
/Users/story/Documents/Birdz/cut_songs/RICH_2022,S_WYY_B1085_17812.wav,8,37.90934703,-122.347296
/Users/story/Documents/Birdz/cut_songs/RICH_2022,S_WYY_B1085_26610.wav,8,37.90934703,-122.347296
/Users/story/Documents/Birdz/cut_songs/RICH_2022,S_WYY_B1085_28371.wav,8,37.90934703,-122.347296
/Users/story/Documents/Birdz/cut_songs/RICH_2022,S_WYY_B1085_13495.wav,8,37.90934703,-122.347296
/Users/story/Documents/Birdz/cut_songs/RICH_2022,S_WYY_B1085_18514.wav,8,37.90934703,-122.347296
/Users/story/Documents/Birdz/cut_songs/RICH_2022,S_WYY_B1085_24100.wav,8,37.90934703,-122.347296
/Users/story/Documents/Birdz/cut_songs/RICH_2022,S_WYY_B1085_22175.wav,8,37.90934703,-122.347296
/Users/story/Documents/Birdz/cut_songs/RICH_2022,S_WYY_B1085_30560.wav,8,37.90934703,-122.347296
/Users/story/Documents/Birdz/cut_songs/RICH_2022,S_WYY_B1085_17105.wav,8,37.90934703,-122.347296
/Users/story/Documents/Birdz/cut_songs/RICH_2022,S_WYY_B1085_29172.wav,8,37.90934703,-122.347296
/Users/story/Documents/Birdz/cut_songs/RICH_2022,S_WYY_B1085_23565.wav,8,37.90934703,-122.347296
/Users/story/Documents/Birdz/cut_songs/RICH_2022,S_WYY_B1085_24803.wav,8,37.90934703,-122.347296
/Users/story/Documents/Birdz/cut_songs/RICH_2022,S_WYY_B1085_31371.wav,8,37.90934703,-122.347296
/Users/story/Documents/Birdz/cut_songs/RICH_2022,S_WYY_B1085_27499.wav,8,37.90934703,-122.347296
/Users/story/Documents/Birdz/cut_songs/COMW_2022,COMM_G_22_B1166_00514.wav,3,37.90947704,-122.721011
/Users/story/Documents/Birdz/cut_songs/COMW_2022,COMM_G_22_B1166_05874.wav,3,37.90947704,-122.721011
/Users/story/Documents/Birdz/cut_songs/COMW_2022,COMM_G_22_B1166_08832.wav,3,37.90947704,-122.721011
/Users/story/Documents/Birdz/cut_songs/COMW_2022,COMM_G_22_B1166_06844.wav,3,37.90947704,-122.721011
/Users/story/Documents/Birdz/cut_songs/COMW_2022,COMM_G_22_B1166_35730.wav,3,37.90947704,-122.721011
/Users/story/Documents/Birdz/cut_songs/COMW_2022,COMM_G_22_B1166_10402.wav,3,37.90947704,-122.721011
/Users/story/Documents/Birdz/cut_songs/COMW_2022,COMM_G_22_B1166_03664.wav,3,37.90947704,-122.721011
/Users/story/Documents/Birdz/cut_songs/COMW_2022,COMM_G_22_B1166_34351.wav,3,37.90947704,-122.721011
/Users/story/Documents/Birdz/cut_songs/COMW_2022,COMM_G_22_B1166_12255.wav,3,37.90947704,-122.721011
/Users/story/Documents/Birdz/cut_songs/RICH_2022,S_BMK_B1099_01608.wav,8,37.90962003,-122.339238
/Users/story/Documents/Birdz/cut_songs/RICH_2022,S_BMK_B1101_13748.wav,8,37.90962003,-122.339238
/Users/story/Documents/Birdz/cut_songs/RICH_2022,S_BMK_B1101_08187.wav,8,37.90962003,-122.339238
/Users/story/Documents/Birdz/cut_songs/RICH_2022,S_BMK_B1099_06565.wav,8,37.90962003,-122.339238
/Users/story/Documents/Birdz/cut_songs/RICH_2022,S_BMK_B1100_01371.wav,8,37.90962003,-122.339238
/Users/story/Documents/Birdz/cut_songs/RICH_2022,S_BMK_B1099_08714.wav,8,37.90962003,-122.339238
/Users/story/Documents/Birdz/cut_songs/RICH_2022,S_BMK_B1101_15411.wav,8,37.90962003,-122.339238
/Users/story/Documents/Birdz/cut_songs/RICH_2022,S_BMK_B1099_03261.wav,8,37.90962003,-122.339238
/Users/story/Documents/Birdz/cut_songs/RICH_2022,S_BMK_B1100_07805.wav,8,37.90962003,-122.339238
/Users/story/Documents/Birdz/cut_songs/RICH_2022,S_BMK_B1101_09483.wav,8,37.90962003,-122.339238
/Users/story/Documents/Birdz/cut_songs/RICH_2022,S_BMK_B1101_12467.wav,8,37.90962003,-122.339238
/Users/story/Documents/Birdz/cut_songs/RICH_2022,S_BMK_B1099_00080.wav,8,37.90962003,-122.339238
/Users/story/Documents/Birdz/cut_songs/RICH_2022,S_YMY_B1103_15354.wav,8,37.90963403,-122.338563
/Users/story/Documents/Birdz/cut_songs/RICH_2022,S_YMY_B1103_25169.wav,8,37.90963403,-122.338563
/Users/story/Documents/Birdz/cut_songs/RICH_2022,S_YMY_B1103_18038.wav,8,37.90963403,-122.338563
/Users/story/Documents/Birdz/cut_songs/RICH_2022,S_YMY_B1103_21716.wav,8,37.90963403,-122.338563
/Users/story/Documents/Birdz/cut_songs/RICH_2022,S_YMY_B1103_05306.wav,8,37.90963403,-122.338563
/Users/story/Documents/Birdz/cut_songs/RICH_2022,S_YMY_B1103_06353.wav,8,37.90963403,-122.338563
/Users/story/Documents/Birdz/cut_songs/RICH_2022,S_YMY_B1103_08579.wav,8,37.90963403,-122.338563
/Users/story/Documents/Birdz/cut_songs/RICH_2022,S_YMY_B1103_07371.wav,8,37.90963403,-122.338563
/Users/story/Documents/Birdz/cut_songs/COMW_2022,COMM_F_22_B1165_06767.wav,3,37.90966496,-122.721182
/Users/story/Documents/Birdz/cut_songs/COMW_2022,COMM_F_22_B1165_30214.wav,3,37.90966496,-122.721182
/Users/story/Documents/Birdz/cut_songs/COMW_2022,COMM_F_22_B1164_00834.wav,3,37.90966496,-122.721182
/Users/story/Documents/Birdz/cut_songs/COMW_2022,COMM_F_22_B1165_29368.wav,3,37.90966496,-122.721182
/Users/story/Documents/Birdz/cut_songs/COMW_2022,COMM_F_22_B1165_28614.wav,3,37.90966496,-122.721182
/Users/story/Documents/Birdz/cut_songs/COMW_2022,COMM_F_22_B1164_04346.wav,3,37.90966496,-122.721182
/Users/story/Documents/Birdz/cut_songs/COMW_2022,COMM_F_22_B1164_02708.wav,3,37.90966496,-122.721182
/Users/story/Documents/Birdz/cut_songs/COMW_2022,COMM_F_22_B1165_30963.wav,3,37.90966496,-122.721182
/Users/story/Documents/Birdz/cut_songs/COMW_2022,COMM_F_22_B1164_05942.wav,3,37.90966496,-122.721182
/Users/story/Documents/Birdz/cut_songs/COMW_2022,YS_RB_B1161_06131.wav,3,37.90979303,-122.719963
/Users/story/Documents/Birdz/cut_songs/COMW_2022,YS_RB_B1161_14889.wav,3,37.90979303,-122.719963
/Users/story/Documents/Birdz/cut_songs/COMW_2022,YS_RB_B1161_09824.wav,3,37.90979303,-122.719963
/Users/story/Documents/Birdz/cut_songs/COMW_2022,YS_RB_B1161_02321.wav,3,37.90979303,-122.719963
/Users/story/Documents/Birdz/cut_songs/COMW_2022,YS_RB_B1161_16743.wav,3,37.90979303,-122.719963
/Users/story/Documents/Birdz/cut_songs/COMW_2022,YS_RB_B1161_08006.wav,3,37.90979303,-122.719963
/Users/story/Documents/Birdz/cut_songs/COMW_2022,YS_RB_B1161_00818.wav,3,37.90979303,-122.719963
/Users/story/Documents/Birdz/cut_songs/COMW_2022,YS_RB_B1161_13278.wav,3,37.90979303,-122.719963
/Users/story/Documents/Birdz/cut_songs/COMW_2022,YS_RB_B1161_11668.wav,3,37.90979303,-122.719963
/Users/story/Documents/Birdz/cut_songs/BATW_2022,RS_WR_B1022_11890.wav,2,37.91005103,-122.359056
/Users/story/Documents/Birdz/cut_songs/BATW_2022,RS_WR_B1022_03891.wav,2,37.91005103,-122.359056
/Users/story/Documents/Birdz/cut_songs/BATW_2022,RS_WR_B1022_10769.wav,2,37.91005103,-122.359056
/Users/story/Documents/Birdz/cut_songs/BATW_2022,RS_WR_B1023_09700.wav,2,37.91005103,-122.359056
/Users/story/Documents/Birdz/cut_songs/BATW_2022,RS_WR_B1022_22294.wav,2,37.91005103,-122.359056
/Users/story/Documents/Birdz/cut_songs/BATW_2022,RS_WR_B1023_18147.wav,2,37.91005103,-122.359056
/Users/story/Documents/Birdz/cut_songs/BATW_2022,RS_WR_B1022_07614.wav,2,37.91005103,-122.359056
/Users/story/Documents/Birdz/cut_songs/BATW_2022,RS_WR_B1022_19061.wav,2,37.91005103,-122.359056
/Users/story/Documents/Birdz/cut_songs/BATW_2022,RS_WR_B1023_05007.wav,2,37.91005103,-122.359056
/Users/story/Documents/Birdz/cut_songs/BATW_2022,RS_WR_B1023_24023.wav,2,37.91005103,-122.359056
/Users/story/Documents/Birdz/cut_songs/BATW_2022,RS_WR_B1022_20755.wav,2,37.91005103,-122.359056
/Users/story/Documents/Birdz/cut_songs/BATW_2022,RS_WR_B1022_16341.wav,2,37.91005103,-122.359056
/Users/story/Documents/Birdz/cut_songs/BATW_2022,RS_WR_B1023_22454.wav,2,37.91005103,-122.359056
/Users/story/Documents/Birdz/cut_songs/BATW_2022,RS_WR_B1022_17859.wav,2,37.91005103,-122.359056
/Users/story/Documents/Birdz/cut_songs/BATW_2022,RS_WR_B1023_14300.wav,2,37.91005103,-122.359056
/Users/story/Documents/Birdz/cut_songs/BATW_2022,RS_WR_B1023_16299.wav,2,37.91005103,-122.359056
/Users/story/Documents/Birdz/cut_songs/BATW_2022,RS_WR_B1023_11652.wav,2,37.91005103,-122.359056
/Users/story/Documents/Birdz/cut_songs/BATW_2022,RS_WR_B1023_00978.wav,2,37.91005103,-122.359056
/Users/story/Documents/Birdz/cut_songs/BATW_2022,RS_WR_B1022_05435.wav,2,37.91005103,-122.359056
/Users/story/Documents/Birdz/cut_songs/BATW_2022,RS_WR_B1022_02548.wav,2,37.91005103,-122.359056
/Users/story/Documents/Birdz/cut_songs/BATW_2022,RS_WR_B1022_14667.wav,2,37.91005103,-122.359056
/Users/story/Documents/Birdz/cut_songs/BATW_2022,RS_WR_B1023_02698.wav,2,37.91005103,-122.359056
/Users/story/Documents/Birdz/cut_songs/BATW_2022,RS_WR_B1022_13443.wav,2,37.91005103,-122.359056
/Users/story/Documents/Birdz/cut_songs/COMW_2022,S_OYY_B1160_19629.wav,3,37.91072804,-122.719077
/Users/story/Documents/Birdz/cut_songs/COMW_2022,S_OYY_B1160_23673.wav,3,37.91072804,-122.719077
/Users/story/Documents/Birdz/cut_songs/COMW_2022,S_OYY_B1160_16387.wav,3,37.91072804,-122.719077
/Users/story/Documents/Birdz/cut_songs/COMW_2022,S_OYY_B1160_17244.wav,3,37.91072804,-122.719077
/Users/story/Documents/Birdz/cut_songs/COMW_2022,S_OYY_B1160_18947.wav,3,37.91072804,-122.719077
/Users/story/Documents/Birdz/cut_songs/COMW_2022,S_OYY_B1160_04940.wav,3,37.91072804,-122.719077
/Users/story/Documents/Birdz/cut_songs/COMW_2022,S_OYY_B1160_20404.wav,3,37.91072804,-122.719077
/Users/story/Documents/Birdz/cut_songs/COMW_2022,S_OYY_B1160_13722.wav,3,37.91072804,-122.719077
/Users/story/Documents/Birdz/cut_songs/COMW_2022,S_OYY_B1160_21220.wav,3,37.91072804,-122.719077
/Users/story/Documents/Birdz/cut_songs/COMW_2022,COMM_O_22_B1180_01701.wav,3,37.91087497,-122.725889
/Users/story/Documents/Birdz/cut_songs/COMW_2022,COMM_O_22_B1180_11704.wav,3,37.91087497,-122.725889
/Users/story/Documents/Birdz/cut_songs/COMW_2022,COMM_O_22_B1180_14125.wav,3,37.91087497,-122.725889
/Users/story/Documents/Birdz/cut_songs/COMW_2022,COMM_O_22_B1180_10423.wav,3,37.91087497,-122.725889
/Users/story/Documents/Birdz/cut_songs/COMW_2022,COMM_O_22_B1180_07836.wav,3,37.91087497,-122.725889
/Users/story/Documents/Birdz/cut_songs/COMW_2022,COMM_O_22_B1180_12870.wav,3,37.91087497,-122.725889
/Users/story/Documents/Birdz/cut_songs/COMW_2022,COMM_O_22_B1180_00446.wav,3,37.91087497,-122.725889
/Users/story/Documents/Birdz/cut_songs/COMW_2022,COMM_O_22_B1180_04573.wav,3,37.91087497,-122.725889
/Users/story/Documents/Birdz/cut_songs/COMW_2022,COMM_O_22_B1180_03230.wav,3,37.91087497,-122.725889
/Users/story/Documents/Birdz/cut_songs/COMW_2022,COMM_O_22_B1180_09127.wav,3,37.91087497,-122.725889
/Users/story/Documents/Birdz/cut_songs/RICH_2022,S_OMK_B1109_15504.wav,8,37.91104697,-122.360745
/Users/story/Documents/Birdz/cut_songs/RICH_2022,S_OMK_B1109_04867.wav,8,37.91104697,-122.360745
/Users/story/Documents/Birdz/cut_songs/RICH_2022,S_OMK_B1109_18333.wav,8,37.91104697,-122.360745
/Users/story/Documents/Birdz/cut_songs/RICH_2022,S_OMK_B1109_26424.wav,8,37.91104697,-122.360745
/Users/story/Documents/Birdz/cut_songs/RICH_2022,S_OMK_B1109_24193.wav,8,37.91104697,-122.360745
/Users/story/Documents/Birdz/cut_songs/RICH_2022,S_OMK_B1109_28175.wav,8,37.91104697,-122.360745
/Users/story/Documents/Birdz/cut_songs/RICH_2022,S_OMK_B1109_16878.wav,8,37.91104697,-122.360745
/Users/story/Documents/Birdz/cut_songs/RICH_2022,S_OMK_B1109_23141.wav,8,37.91104697,-122.360745
/Users/story/Documents/Birdz/cut_songs/RICH_2022,S_OMK_B1109_11353.wav,8,37.91104697,-122.360745
/Users/story/Documents/Birdz/cut_songs/RICH_2022,S_OMK_B1109_14161.wav,8,37.91104697,-122.360745
/Users/story/Documents/Birdz/cut_songs/RICH_2022,S_OMK_B1109_29544.wav,8,37.91104697,-122.360745
/Users/story/Documents/Birdz/cut_songs/RICH_2022,S_OMK_B1109_09917.wav,8,37.91104697,-122.360745
/Users/story/Documents/Birdz/cut_songs/RICH_2022,S_OMK_B1109_19696.wav,8,37.91104697,-122.360745
/Users/story/Documents/Birdz/cut_songs/RICH_2022,S_OMK_B1109_07278.wav,8,37.91104697,-122.360745
/Users/story/Documents/Birdz/cut_songs/COMW_2022,COMM_P_22_B1181_12018.wav,3,37.91148601,-122.726818
/Users/story/Documents/Birdz/cut_songs/COMW_2022,COMM_P_22_B1181_17766.wav,3,37.91148601,-122.726818
/Users/story/Documents/Birdz/cut_songs/COMW_2022,COMM_P_22_B1181_25934.wav,3,37.91148601,-122.726818
/Users/story/Documents/Birdz/cut_songs/COMW_2022,COMM_P_22_B1181_23942.wav,3,37.91148601,-122.726818
/Users/story/Documents/Birdz/cut_songs/COMW_2022,COMM_P_22_B1181_19500.wav,3,37.91148601,-122.726818
/Users/story/Documents/Birdz/cut_songs/COMW_2022,COMM_P_22_B1181_22382.wav,3,37.91148601,-122.726818
/Users/story/Documents/Birdz/cut_songs/COMW_2022,COMM_P_22_B1181_16144.wav,3,37.91148601,-122.726818
/Users/story/Documents/Birdz/cut_songs/COMW_2022,COMM_P_22_B1181_14213.wav,3,37.91148601,-122.726818
/Users/story/Documents/Birdz/cut_songs/COMW_2022,COMM_P_22_B1181_06167.wav,3,37.91148601,-122.726818
/Users/story/Documents/Birdz/cut_songs/COMW_2022,COMM_P_22_B1181_27437.wav,3,37.91148601,-122.726818
/Users/story/Documents/Birdz/cut_songs/COMW_2022,COMM_P_22_B1181_09938.wav,3,37.91148601,-122.726818
/Users/story/Documents/Birdz/cut_songs/COMW_2022,COMM_P_22_B1181_07949.wav,3,37.91148601,-122.726818
/Users/story/Documents/Birdz/cut_songs/COMW_2022,COMM_P_22_B1181_20879.wav,3,37.91148601,-122.726818
/Users/story/Documents/Birdz/cut_songs/ABLA_2022,ABLA_F_22_B1136_02574.wav,0,38.11854601,-122.95097
/Users/story/Documents/Birdz/cut_songs/ABLA_2022,ABLA_F_22_B1136_09581.wav,0,38.11854601,-122.95097
/Users/story/Documents/Birdz/cut_songs/ABLA_2022,ABLA_F_22_B1136_16661.wav,0,38.11854601,-122.95097
/Users/story/Documents/Birdz/cut_songs/ABLA_2022,ABLA_F_22_B1136_04909.wav,0,38.11854601,-122.95097
/Users/story/Documents/Birdz/cut_songs/ABLA_2022,ABLA_F_22_B1136_12978.wav,0,38.11854601,-122.95097
/Users/story/Documents/Birdz/cut_songs/ABLA_2022,ABLA_F_22_B1136_03747.wav,0,38.11854601,-122.95097
/Users/story/Documents/Birdz/cut_songs/ABLA_2022,ABLA_F_22_B1136_01608.wav,0,38.11854601,-122.95097
/Users/story/Documents/Birdz/cut_songs/ABLA_2022,ABLA_F_22_B1136_06787.wav,0,38.11854601,-122.95097
/Users/story/Documents/Birdz/cut_songs/ABLA_2022,ABLA_F_22_B1136_14579.wav,0,38.11854601,-122.95097
/Users/story/Documents/Birdz/cut_songs/ABLA_2022,ABLA_F_22_B1136_11017.wav,0,38.11854601,-122.95097
/Users/story/Documents/Birdz/cut_songs/ABLA_2022,ABLA_F_22_B1136_08120.wav,0,38.11854601,-122.95097
/Users/story/Documents/Birdz/cut_songs/ABLA_2022,ABLA_H_22_B1138_18870.wav,0,38.11884298,-122.946365
/Users/story/Documents/Birdz/cut_songs/ABLA_2022,ABLA_H_22_B1138_02295.wav,0,38.11884298,-122.946365
/Users/story/Documents/Birdz/cut_songs/ABLA_2022,ABLA_H_22_B1138_23513.wav,0,38.11884298,-122.946365
/Users/story/Documents/Birdz/cut_songs/ABLA_2022,ABLA_H_22_B1138_17064.wav,0,38.11884298,-122.946365
/Users/story/Documents/Birdz/cut_songs/ABLA_2022,ABLA_H_22_B1138_24493.wav,0,38.11884298,-122.946365
/Users/story/Documents/Birdz/cut_songs/ABLA_2022,ABLA_H_22_B1138_22588.wav,0,38.11884298,-122.946365
/Users/story/Documents/Birdz/cut_songs/ABLA_2022,ABLA_H_22_B1138_21721.wav,0,38.11884298,-122.946365
/Users/story/Documents/Birdz/cut_songs/ABLA_2022,ABLA_H_22_B1138_09318.wav,0,38.11884298,-122.946365
/Users/story/Documents/Birdz/cut_songs/ABLA_2022,ABLA_H_22_B1138_20574.wav,0,38.11884298,-122.946365
/Users/story/Documents/Birdz/cut_songs/ABLA_2022,ABLA_H_22_B1138_19727.wav,0,38.11884298,-122.946365
/Users/story/Documents/Birdz/cut_songs/ABLA_2022,ABLA_H_22_B1138_17967.wav,0,38.11884298,-122.946365
/Users/story/Documents/Birdz/cut_songs/ABLA_2022,RS_BO_B1140_10000.wav,0,38.118861,-122.944859
/Users/story/Documents/Birdz/cut_songs/ABLA_2022,RS_BO_B1140_11136.wav,0,38.118861,-122.944859
/Users/story/Documents/Birdz/cut_songs/ABLA_2022,RS_BO_B1140_06694.wav,0,38.118861,-122.944859
/Users/story/Documents/Birdz/cut_songs/ABLA_2022,RS_BO_B1140_07887.wav,0,38.118861,-122.944859
/Users/story/Documents/Birdz/cut_songs/ABLA_2022,ABLA_I_22_B1139_19056.wav,0,38.11933701,-122.945204
/Users/story/Documents/Birdz/cut_songs/ABLA_2022,ABLA_I_22_B1139_17456.wav,0,38.11933701,-122.945204
/Users/story/Documents/Birdz/cut_songs/ABLA_2022,ABLA_I_22_B1139_02311.wav,0,38.11933701,-122.945204
/Users/story/Documents/Birdz/cut_songs/ABLA_2022,ABLA_I_22_B1139_11430.wav,0,38.11933701,-122.945204
/Users/story/Documents/Birdz/cut_songs/ABLA_2022,ABLA_I_22_B1139_10289.wav,0,38.11933701,-122.945204
/Users/story/Documents/Birdz/cut_songs/ABLA_2022,ABLA_I_22_B1139_04599.wav,0,38.11933701,-122.945204
/Users/story/Documents/Birdz/cut_songs/ABLA_2022,ABLA_I_22_B1139_12612.wav,0,38.11933701,-122.945204
/Users/story/Documents/Birdz/cut_songs/ABLA_2022,ABLA_I_22_B1139_21209.wav,0,38.11933701,-122.945204
/Users/story/Documents/Birdz/cut_songs/ABLA_2022,ABLA_I_22_B1139_23807.wav,0,38.11933701,-122.945204
/Users/story/Documents/Birdz/cut_songs/ABLA_2022,ABLA_I_22_B1139_08089.wav,0,38.11933701,-122.945204
/Users/story/Documents/Birdz/cut_songs/ABLA_2022,ABLA_I_22_B1139_09189.wav,0,38.11933701,-122.945204
/Users/story/Documents/Birdz/cut_songs/ABLA_2022,ABLA_I_22_B1139_22619.wav,0,38.11933701,-122.945204
/Users/story/Documents/Birdz/cut_songs/ABLA_2022,ABLA_I_22_B1139_00875.wav,0,38.11933701,-122.945204
/Users/story/Documents/Birdz/cut_songs/ABLA_2022,ABLA_I_22_B1139_25004.wav,0,38.11933701,-122.945204
/Users/story/Documents/Birdz/cut_songs/ABLA_2022,ABLA_I_22_B1139_16341.wav,0,38.11933701,-122.945204
/Users/story/Documents/Birdz/cut_songs/ABLA_2022,ABLA_I_22_B1139_20022.wav,0,38.11933701,-122.945204
/Users/story/Documents/Birdz/cut_songs/ABLA_2022,ABLA_G_22_B1137_03499.wav,0,38.12037804,-122.953292
/Users/story/Documents/Birdz/cut_songs/ABLA_2022,ABLA_G_22_B1137_01138.wav,0,38.12037804,-122.953292
/Users/story/Documents/Birdz/cut_songs/ABLA_2022,ABLA_G_22_B1137_04563.wav,0,38.12037804,-122.953292
/Users/story/Documents/Birdz/cut_songs/ABLA_2022,S_YMW_B1119_00637.wav,0,38.12365604,-122.938095
/Users/story/Documents/Birdz/cut_songs/ABLA_2022,S_YMW_B1119_02032.wav,0,38.12365604,-122.938095
/Users/story/Documents/Birdz/cut_songs/ABLA_2022,S_YMW_B1121_01923.wav,0,38.12365604,-122.938095
/Users/story/Documents/Birdz/cut_songs/ABLA_2022,S_YMW_B1119_03091.wav,0,38.12365604,-122.938095
/Users/story/Documents/Birdz/cut_songs/ABLA_2022,S_YMW_B1121_02471.wav,0,38.12365604,-122.938095
/Users/story/Documents/Birdz/cut_songs/ABLA_2022,S_KRE_B1118_16671.wav,0,38.12370297,-122.937314
/Users/story/Documents/Birdz/cut_songs/ABLA_2022,S_KRE_B1118_12823.wav,0,38.12370297,-122.937314
/Users/story/Documents/Birdz/cut_songs/ABLA_2022,S_KRE_B1118_14466.wav,0,38.12370297,-122.937314
/Users/story/Documents/Birdz/cut_songs/ABLA_2022,S_KRE_B1118_05534.wav,0,38.12370297,-122.937314
/Users/story/Documents/Birdz/cut_songs/ABLA_2022,S_KRE_B1118_07903.wav,0,38.12370297,-122.937314
/Users/story/Documents/Birdz/cut_songs/ABLA_2022,S_KRE_B1118_00865.wav,0,38.12370297,-122.937314
/Users/story/Documents/Birdz/cut_songs/ABLA_2022,S_KRE_B1118_08626.wav,0,38.12370297,-122.937314
/Users/story/Documents/Birdz/cut_songs/ABLA_2022,S_KRE_B1118_04031.wav,0,38.12370297,-122.937314
/Users/story/Documents/Birdz/cut_songs/ABLA_2022,S_KRE_B1118_13639.wav,0,38.12370297,-122.937314
/Users/story/Documents/Birdz/cut_songs/ABLA_2022,S_KRE_B1118_11761.wav,0,38.12370297,-122.937314
/Users/story/Documents/Birdz/cut_songs/ABLA_2022,S_KRE_B1118_09411.wav,0,38.12370297,-122.937314
/Users/story/Documents/Birdz/cut_songs/ABLA_2022,S_KRE_B1118_03277.wav,0,38.12370297,-122.937314
/Users/story/Documents/Birdz/cut_songs/ABLA_2022,S_KRE_B1118_07211.wav,0,38.12370297,-122.937314
/Users/story/Documents/Birdz/cut_songs/ABLA_2022,S_KRE_B1118_01841.wav,0,38.12370297,-122.937314
/Users/story/Documents/Birdz/cut_songs/ABLA_2022,S_KRE_B1118_15767.wav,0,38.12370297,-122.937314
/Users/story/Documents/Birdz/cut_songs/ABLA_2022,S_KRE_B1118_10810.wav,0,38.12370297,-122.937314
/Users/story/Documents/Birdz/cut_songs/ABLA_2022,ABLA_C_22_B1116_24188.wav,0,38.12389601,-122.93541
/Users/story/Documents/Birdz/cut_songs/ABLA_2022,ABLA_C_22_B1146_04304.wav,0,38.12389601,-122.93541
/Users/story/Documents/Birdz/cut_songs/ABLA_2022,ABLA_C_22_B1146_09581.wav,0,38.12389601,-122.93541
/Users/story/Documents/Birdz/cut_songs/ABLA_2022,ABLA_C_22_B1116_25872.wav,0,38.12389601,-122.93541
/Users/story/Documents/Birdz/cut_songs/ABLA_2022,ABLA_C_22_B1146_08925.wav,0,38.12389601,-122.93541
/Users/story/Documents/Birdz/cut_songs/ABLA_2022,ABLA_C_22_B1146_04991.wav,0,38.12389601,-122.93541
/Users/story/Documents/Birdz/cut_songs/ABLA_2022,ABLA_C_22_B1146_07908.wav,0,38.12389601,-122.93541
/Users/story/Documents/Birdz/cut_songs/ABLA_2022,ABLA_C_22_B1116_26724.wav,0,38.12389601,-122.93541
/Users/story/Documents/Birdz/cut_songs/ABLA_2022,ABLA_C_22_B1146_06792.wav,0,38.12389601,-122.93541
/Users/story/Documents/Birdz/cut_songs/ABLA_2022,ABLA_C_22_B1116_25076.wav,0,38.12389601,-122.93541
/Users/story/Documents/Birdz/cut_songs/ABLA_2022,ABLA_C_22_B1146_03845.wav,0,38.12389601,-122.93541
/Users/story/Documents/Birdz/cut_songs/ABLA_2022,ABLA_C_22_B1146_07376.wav,0,38.12389601,-122.93541
/Users/story/Documents/Birdz/cut_songs/ABLA_2022,ABLA_A_22_B1111_04552.wav,0,38.12400497,-122.936692
/Users/story/Documents/Birdz/cut_songs/ABLA_2022,ABLA_A_22_B1113_06715.wav,0,38.12400497,-122.936692
/Users/story/Documents/Birdz/cut_songs/ABLA_2022,ABLA_A_22_B1110_23611.wav,0,38.12400497,-122.936692
/Users/story/Documents/Birdz/cut_songs/ABLA_2022,ABLA_A_22_B1110_02321.wav,0,38.12400497,-122.936692
/Users/story/Documents/Birdz/cut_songs/ABLA_2022,ABLA_A_22_B1113_00276.wav,0,38.12400497,-122.936692
/Users/story/Documents/Birdz/cut_songs/ABLA_2022,ABLA_A_22_B1111_03111.wav,0,38.12400497,-122.936692
/Users/story/Documents/Birdz/cut_songs/ABLA_2022,ABLA_A_22_B1110_10062.wav,0,38.12400497,-122.936692
/Users/story/Documents/Birdz/cut_songs/ABLA_2022,ABLA_A_22_B1113_05699.wav,0,38.12400497,-122.936692
/Users/story/Documents/Birdz/cut_songs/ABLA_2022,ABLA_A_22_B1110_11193.wav,0,38.12400497,-122.936692
/Users/story/Documents/Birdz/cut_songs/ABLA_2022,ABLA_A_22_B1110_24498.wav,0,38.12400497,-122.936692
/Users/story/Documents/Birdz/cut_songs/ABLA_2022,ABLA_A_22_B1110_21457.wav,0,38.12400497,-122.936692
/Users/story/Documents/Birdz/cut_songs/ABLA_2022,ABLA_A_22_B1111_05730.wav,0,38.12400497,-122.936692
/Users/story/Documents/Birdz/cut_songs/ABLA_2022,ABLA_A_22_B1113_10346.wav,0,38.12400497,-122.936692
/Users/story/Documents/Birdz/cut_songs/ABLA_2022,ABLA_B_22_B1114_11802.wav,0,38.12411796,-122.937039
/Users/story/Documents/Birdz/cut_songs/ABLA_2022,ABLA_B_22_B1114_05657.wav,0,38.12411796,-122.937039
/Users/story/Documents/Birdz/cut_songs/ABLA_2022,ABLA_B_22_B1114_08993.wav,0,38.12411796,-122.937039
/Users/story/Documents/Birdz/cut_songs/ABLA_2022,ABLA_B_22_B1111dupe_16098.wav,0,38.12411796,-122.937039
/Users/story/Documents/Birdz/cut_songs/ABLA_2022,ABLA_B_22_B1114_18488.wav,0,38.12411796,-122.937039
/Users/story/Documents/Birdz/cut_songs/ABLA_2022,ABLA_B_22_B1111dupe_12488.wav,0,38.12411796,-122.937039
/Users/story/Documents/Birdz/cut_songs/ABLA_2022,ABLA_B_22_B1114_19800.wav,0,38.12411796,-122.937039
/Users/story/Documents/Birdz/cut_songs/ABLA_2022,ABLA_B_22_B1111dupe_13980.wav,0,38.12411796,-122.937039
/Users/story/Documents/Birdz/cut_songs/ABLA_2022,ABLA_B_22_B1114_04118.wav,0,38.12411796,-122.937039
/Users/story/Documents/Birdz/cut_songs/ABLA_2022,ABLA_B_22_B1114_10423.wav,0,38.12411796,-122.937039
/Users/story/Documents/Birdz/cut_songs/ABLA_2022,ABLA_B_22_B1114_01314.wav,0,38.12411796,-122.937039
/Users/story/Documents/Birdz/cut_songs/ABLA_2022,ABLA_B_22_B1114_07066.wav,0,38.12411796,-122.937039
/Users/story/Documents/Birdz/cut_songs/ABLA_2022,ABLA_B_22_B1114_15840.wav,0,38.12411796,-122.937039
/Users/story/Documents/Birdz/cut_songs/ABLA_2022,ABLA_B_22_B1114_17110.wav,0,38.12411796,-122.937039
/Users/story/Documents/Birdz/cut_songs/ABLA_2022,ABLA_B_22_B1114_13175.wav,0,38.12411796,-122.937039